Location,TimeFrame,DataFormat,Data,Fips
Astoria,2023,Dollars,84590,401
Battery Park/Tribeca,2023,Dollars,198945,101
Bay Ridge,2023,Dollars,88566,310
Bayside,2023,Dollars,107607,411
Bedford Park,2023,Dollars,42387,207
Bedford Stuyvesant,2023,Dollars,75184,303
Bensonhurst,2023,Dollars,68996,311
Borough Park,2023,Dollars,67187,312
Bronx,2023,Dollars,46838,36005
Brooklyn,2023,Dollars,76912,36047
Brownsville,2023,Dollars,41876,316
Bushwick,2023,Dollars,78456,304
Canarsie,2023,Dollars,88188,318
Central Harlem,2023,Dollars,48977,110
Chelsea/Clinton,2023,Dollars,122723,104
Concourse/Highbridge,2023,Dollars,37937,204
Coney Island,2023,Dollars,41428,313
Crown Heights North,2023,Dollars,91506,308
Crown Heights South,2023,Dollars,67767,309
East Flatbush,2023,Dollars,66236,317
East Harlem,2023,Dollars,45233,111
East New York,2023,Dollars,49345,305
East Tremont,2023,Dollars,30846,206
Elmhurst/Corona,2023,Dollars,70784,404
Flatbush/Midwood,2023,Dollars,79319,314
Flushing,2023,Dollars,62308,407
Fort Greene/Brooklyn Hts,2023,Dollars,151134,302
Fresh Meadows/Briarwood,2023,Dollars,78065,408
Greenwich Village,2023,Dollars,198945,102
Howard Beach,2023,Dollars,89142,410
Hunts Point,2023,Dollars,33940,202
Jackson Heights,2023,Dollars,75083,403
Jamaica/St. Albans,2023,Dollars,75235,412
Lower East Side,2023,Dollars,54482,103
Manhattan,2023,Dollars,101078,36061
Manhattanville,2023,Dollars,54508,109
Midtown Business District,2023,Dollars,144175,105
Morrisania,2023,Dollars,30846,203
Mott Haven,2023,Dollars,33940,201
Murray Hill/Stuyvesant,2023,Dollars,144175,106
New York City,2023,Dollars,76577,3651000
Park Slope,2023,Dollars,159851,306
Pelham Parkway,2023,Dollars,58881,211
Queens,2023,Dollars,81929,36081
Queens Village,2023,Dollars,103300,413
Rego Park/Forest Hills,2023,Dollars,91722,406
Ridgewood/Glendale,2023,Dollars,83966,405
Riverdale,2023,Dollars,75218,208
Sheepshead Bay,2023,Dollars,68903,315
South Beach,2023,Dollars,96471,502
St. George,2023,Dollars,72834,501
Staten Island,2023,Dollars,95543,36085
Sunnyside/Woodside,2023,Dollars,93817,402
Sunset Park,2023,Dollars,87149,307
The Rockaways,2023,Dollars,52797,414
Throgs Neck,2023,Dollars,71021,210
Tottenville,2023,Dollars,112515,503
Unionport/Soundview,2023,Dollars,45603,209
University Heights,2023,Dollars,34756,205
Upper East Side,2023,Dollars,159241,108
Upper West Side,2023,Dollars,150017,107
Washington Heights,2023,Dollars,61527,112
Williamsbridge,2023,Dollars,67973,212
Williamsburg/Greenpoint,2023,Dollars,111492,301
Woodhaven,2023,Dollars,99326,409
Astoria,2022,Dollars,84270.09543,401
Battery Park/Tribeca,2022,Dollars,165381.8922,101
Bay Ridge,2022,Dollars,84413.37131,310
Bayside,2022,Dollars,103064.153,411
Bedford Park,2022,Dollars,43215.32707,207
Bedford Stuyvesant,2022,Dollars,73842.10328,303
Bensonhurst,2022,Dollars,61477.81032,311
Borough Park,2022,Dollars,68586.57797,312
Bronx,2022,Dollars,47257.16034,36005
Brooklyn,2022,Dollars,76778.22054,36047
Brownsville,2022,Dollars,36785.5625,316
Bushwick,2022,Dollars,94226.7307,304
Canarsie,2022,Dollars,87493.80268,318
Central Harlem,2022,Dollars,51993.57016,110
Chelsea/Clinton,2022,Dollars,114323.7681,104
Concourse/Highbridge,2022,Dollars,44605.51837,204
Coney Island,2022,Dollars,44795.51465,313
Crown Heights North,2022,Dollars,81602.87999,308
Crown Heights South,2022,Dollars,80067.33635,309
East Flatbush,2022,Dollars,73583.58376,317
East Harlem,2022,Dollars,36929.8766,111
East New York,2022,Dollars,56511.95146,305
East Tremont,2022,Dollars,32309.74866,206
Elmhurst/Corona,2022,Dollars,66475.85435,404
Flatbush/Midwood,2022,Dollars,74078.81995,314
Flushing,2022,Dollars,73203.59122,407
Fort Greene/Brooklyn Hts,2022,Dollars,136233.5569,302
Fresh Meadows/Briarwood,2022,Dollars,81072.34395,408
Greenwich Village,2022,Dollars,165381.8922,102
Howard Beach,2022,Dollars,97752.56317,410
Hunts Point,2022,Dollars,32861.04932,202
Jackson Heights,2022,Dollars,80466.01705,403
Jamaica/St. Albans,2022,Dollars,75164.80957,412
Lower East Side,2022,Dollars,58541.69306,103
Manhattan,2022,Dollars,99531.05287,36061
Manhattanville,2022,Dollars,61745.67392,109
Midtown Business District,2022,Dollars,148225.1249,105
Morrisania,2022,Dollars,32309.74866,203
Mott Haven,2022,Dollars,32861.04932,201
Murray Hill/Stuyvesant,2022,Dollars,148225.1249,106
New York City,2022,Dollars,77549.62618,3651000
Park Slope,2022,Dollars,162417.7427,306
Pelham Parkway,2022,Dollars,64025.62919,211
Queens,2022,Dollars,83636.77452,36081
Queens Village,2022,Dollars,104915.3188,413
Rego Park/Forest Hills,2022,Dollars,93961.9818,406
Ridgewood/Glendale,2022,Dollars,89443.60049,405
Riverdale,2022,Dollars,79186.91646,208
Sheepshead Bay,2022,Dollars,63370.50543,315
South Beach,2022,Dollars,95241.08239,502
St. George,2022,Dollars,84352.11568,501
Staten Island,2022,Dollars,96725.75271,36085
Sunnyside/Woodside,2022,Dollars,84270.09543,402
Sunset Park,2022,Dollars,86382.89551,307
The Rockaways,2022,Dollars,66737.48856,414
Throgs Neck,2022,Dollars,63774.37729,210
Tottenville,2022,Dollars,112519.3227,503
Unionport/Soundview,2022,Dollars,48697.18674,209
University Heights,2022,Dollars,33274.26526,205
Upper East Side,2022,Dollars,148515.8296,108
Upper West Side,2022,Dollars,145617.0887,107
Washington Heights,2022,Dollars,62187.96033,112
Williamsbridge,2022,Dollars,62795.32546,212
Williamsburg/Greenpoint,2022,Dollars,98747.18847,301
Woodhaven,2022,Dollars,84951.17496,409
Park Slope,2021,Dollars,159436.3949,306
Upper East Side,2021,Dollars,143787.2104,108
Fort Greene/Brooklyn Hts,2021,Dollars,132803.2586,302
Murray Hill/Stuyvesant,2021,Dollars,129542.5528,106
Upper West Side,2021,Dollars,125391.7625,107
Tottenville,2021,Dollars,113684.0662,503
Williamsburg/Greenpoint,2021,Dollars,111747.4713,301
Queens Village,2021,Dollars,107171.4674,413
Rego Park/Forest Hills,2021,Dollars,97950.05924,406
Bayside,2021,Dollars,95541.98396,411
Staten Island,2021,Dollars,94796.20767,36085
Greenwich Village,2021,Dollars,93610.7698,102
Manhattan,2021,Dollars,93012.73381,36061
Howard Beach,2021,Dollars,90995.7229,410
South Beach,2021,Dollars,89351.04935,502
Sunnyside/Woodside,2021,Dollars,88907.10866,402
Canarsie,2021,Dollars,84095.36447,318
Woodhaven,2021,Dollars,82847.26324,409
Fresh Meadows/Briarwood,2021,Dollars,82060.72813,408
Bay Ridge,2021,Dollars,81113.36091,310
Astoria,2021,Dollars,81009.81147,401
Queens,2021,Dollars,80704.6711,36081
Crown Heights North,2021,Dollars,80527.31514,308
St. George,2021,Dollars,80115.32056,501
Bushwick,2021,Dollars,77752.41046,304
Ridgewood/Glendale,2021,Dollars,76809.44961,405
Jamaica/St. Albans,2021,Dollars,75659.38987,412
Bedford Stuyvesant,2021,Dollars,75588.88812,303
New York City,2021,Dollars,74904.80086,3651000
Brooklyn,2021,Dollars,74431.11725,36047
Flatbush/Midwood,2021,Dollars,72811.78026,314
Jackson Heights,2021,Dollars,72550.70348,403
Sheepshead Bay,2021,Dollars,70618.51499,315
Elmhurst/Corona,2021,Dollars,69899.17686,404
Crown Heights South,2021,Dollars,69353.88992,309
Riverdale,2021,Dollars,68566.25322,208
Chelsea/Clinton,2021,Dollars,68158.8384,104
Williamsbridge,2021,Dollars,67778.61652,212
Flushing,2021,Dollars,67082.41177,407
East Flatbush,2021,Dollars,66988.77664,317
Sunset Park,2021,Dollars,64818.64476,307
Borough Park,2021,Dollars,63621.21666,312
Battery Park/Tribeca,2021,Dollars,63413.14345,101
Pelham Parkway,2021,Dollars,63224.64433,211
Throgs Neck,2021,Dollars,62798.32908,210
Bensonhurst,2021,Dollars,61663.6916,311
Washington Heights,2021,Dollars,60275.68847,112
Manhattanville,2021,Dollars,59036.39995,109
East New York,2021,Dollars,58020.73417,305
The Rockaways,2021,Dollars,56889.40146,414
Lower East Side,2021,Dollars,54732.48865,103
Central Harlem,2021,Dollars,49824.90614,110
Bronx,2021,Dollars,47380.4784,36005
Concourse/Highbridge,2021,Dollars,45865.79244,204
Coney Island,2021,Dollars,45761.14141,313
East Harlem,2021,Dollars,45540.82345,111
Unionport/Soundview,2021,Dollars,43316.71367,209
Brownsville,2021,Dollars,42174.36506,316
Bedford Park,2021,Dollars,41472.65236,207
University Heights,2021,Dollars,38438.87409,205
Midtown Business District,2021,Dollars,34112.75758,105
Mott Haven,2021,Dollars,21155.8148,201
East Tremont,2021,Dollars,16962.46689,206
Morrisania,2021,Dollars,16248.26206,203
Hunts Point,2021,Dollars,12080.25071,202
Battery Park/Tribeca,2019,Dollars,187634.9916,101
Greenwich Village,2019,Dollars,187634.9916,102
Park Slope,2019,Dollars,179714.8067,306
Murray Hill/Stuyvesant,2019,Dollars,178847.7768,106
Upper West Side,2019,Dollars,158282.152,107
Upper East Side,2019,Dollars,155421.7637,108
Chelsea/Clinton,2019,Dollars,139197.0762,104
Midtown Business District,2019,Dollars,139197.0762,105
Fort Greene/Brooklyn Hts,2019,Dollars,129123.7864,302
Tottenville,2019,Dollars,125047.9356,503
Williamsburg/Greenpoint,2019,Dollars,113771.9167,301
Queens Village,2019,Dollars,109726.1631,413
Manhattan,2019,Dollars,108408.8333,36061
Bayside,2019,Dollars,107287.1351,411
Staten Island,2019,Dollars,103975.2893,36085
Rego Park/Forest Hills,2019,Dollars,103210.1267,406
Howard Beach,2019,Dollars,97535.65337,410
South Beach,2019,Dollars,95024.8552,502
Sunnyside/Woodside,2019,Dollars,93663.53725,402
Canarsie,2019,Dollars,93151.88543,318
Astoria,2019,Dollars,91657.44539,401
Woodhaven,2019,Dollars,89108.44697,409
Bay Ridge,2019,Dollars,88634.99541,310
St. George,2019,Dollars,87027.11221,501
Sheepshead Bay,2019,Dollars,86965.76029,315
Crown Heights North,2019,Dollars,86157.76715,308
Queens,2019,Dollars,85309.25859,36081
Ridgewood/Glendale,2019,Dollars,84250.06988,405
Fresh Meadows/Briarwood,2019,Dollars,83538.15615,408
New York City,2019,Dollars,80344.38384,3651000
Manhattanville,2019,Dollars,79143.96996,109
Sunset Park,2019,Dollars,78566.3359,307
Jackson Heights,2019,Dollars,77790.75509,403
Elmhurst/Corona,2019,Dollars,77723.61526,404
Brooklyn,2019,Dollars,77485.15309,36047
Crown Heights South,2019,Dollars,77211.96344,309
Bushwick,2019,Dollars,76718.83295,304
Jamaica/St. Albans,2019,Dollars,76104.15623,412
Flatbush/Midwood,2019,Dollars,75936.30665,314
Riverdale,2019,Dollars,70899.66173,208
Bedford Stuyvesant,2019,Dollars,70827.89156,303
Throgs Neck,2019,Dollars,70646.15098,210
East Flatbush,2019,Dollars,70491.03483,317
Williamsbridge,2019,Dollars,69718.92676,212
Pelham Parkway,2019,Dollars,67375.97817,211
Bensonhurst,2019,Dollars,66143.15196,311
Borough Park,2019,Dollars,63749.2697,312
The Rockaways,2019,Dollars,63706.43912,414
Flushing,2019,Dollars,63589.52321,407
Central Harlem,2019,Dollars,63588.36563,110
Washington Heights,2019,Dollars,61938.80943,112
East New York,2019,Dollars,53238.41337,305
Unionport/Soundview,2019,Dollars,50904.72545,209
Bronx,2019,Dollars,47960.99113,36005
Bedford Park,2019,Dollars,47849.86313,207
Lower East Side,2019,Dollars,47810.5053,103
Coney Island,2019,Dollars,47126.37357,313
Concourse/Highbridge,2019,Dollars,37689.75454,204
East Harlem,2019,Dollars,37514.95946,111
University Heights,2019,Dollars,37071.60506,205
Brownsville,2019,Dollars,36284.44842,316
Mott Haven,2019,Dollars,29025.24357,201
Hunts Point,2019,Dollars,29025.24357,202
Morrisania,2019,Dollars,27324.75371,203
East Tremont,2019,Dollars,27324.75371,206
Battery Park/Tribeca,2018,Dollars,174332.968,101
Greenwich Village,2018,Dollars,174332.968,102
Murray Hill/Stuyvesant,2018,Dollars,158736.7617,106
Park Slope,2018,Dollars,144319.6257,306
Upper West Side,2018,Dollars,143350.011,107
Upper East Side,2018,Dollars,143204.0981,108
Fort Greene/Brooklyn Hts,2018,Dollars,127604.3616,302
Chelsea/Clinton,2018,Dollars,118942.5482,104
Midtown Business District,2018,Dollars,118942.5482,105
Queens Village,2018,Dollars,107561.342,413
South Beach,2018,Dollars,106354.0304,502
Tottenville,2018,Dollars,102239.0513,503
Bayside,2018,Dollars,101595.3871,411
Manhattan,2018,Dollars,100098.6032,36061
Staten Island,2018,Dollars,96686.12403,36085
Rego Park/Forest Hills,2018,Dollars,95870.6592,406
Williamsburg/Greenpoint,2018,Dollars,94911.6349,301
Ridgewood/Glendale,2018,Dollars,90287.13732,405
Howard Beach,2018,Dollars,88948.03344,410
St. George,2018,Dollars,86074.49068,501
Canarsie,2018,Dollars,85901.51329,318
Bay Ridge,2018,Dollars,85196.65985,310
Woodhaven,2018,Dollars,84483.56938,409
Sunnyside/Woodside,2018,Dollars,83618.68243,402
Fresh Meadows/Briarwood,2018,Dollars,82743.20503,408
Queens,2018,Dollars,81570.01824,36081
Astoria,2018,Dollars,79362.49726,401
Crown Heights North,2018,Dollars,77089.08013,308
Jamaica/St. Albans,2018,Dollars,75581.70573,412
New York City,2018,Dollars,75073.36402,3651000
Sunset Park,2018,Dollars,73495.3866,307
Crown Heights South,2018,Dollars,73361.24087,309
Flatbush/Midwood,2018,Dollars,73120.0139,314
Sheepshead Bay,2018,Dollars,72608.14203,315
Jackson Heights,2018,Dollars,72042.14118,403
Brooklyn,2018,Dollars,72038.61103,36047
The Rockaways,2018,Dollars,71367.88237,414
Manhattanville,2018,Dollars,70627.72741,109
East Flatbush,2018,Dollars,68350.78014,317
Bedford Stuyvesant,2018,Dollars,64714.7248,303
Throgs Neck,2018,Dollars,64667.65612,210
Riverdale,2018,Dollars,64273.45594,208
Bensonhurst,2018,Dollars,64081.65108,311
Pelham Parkway,2018,Dollars,64040.46599,211
Washington Heights,2018,Dollars,63536.83114,112
Elmhurst/Corona,2018,Dollars,62797.8529,404
Bushwick,2018,Dollars,62790.7926,304
Flushing,2018,Dollars,62560.15608,407
Williamsbridge,2018,Dollars,60322.04046,212
Borough Park,2018,Dollars,59484.218,312
Lower East Side,2018,Dollars,56924.85866,103
Central Harlem,2018,Dollars,56138.81174,110
Unionport/Soundview,2018,Dollars,51156.59222,209
East New York,2018,Dollars,48683.13321,305
Coney Island,2018,Dollars,46796.85597,313
Bronx,2018,Dollars,45264.77051,36005
Bedford Park,2018,Dollars,40419.05015,207
Concourse/Highbridge,2018,Dollars,39279.98816,204
East Harlem,2018,Dollars,38308.01996,111
Brownsville,2018,Dollars,38182.11125,316
University Heights,2018,Dollars,35848.68156,205
Morrisania,2018,Dollars,31147.69738,203
East Tremont,2018,Dollars,31147.69738,206
Mott Haven,2018,Dollars,30275.75013,201
Hunts Point,2018,Dollars,30275.75013,202
Battery Park/Tribeca,2017,Dollars,173731.6634,101
Greenwich Village,2017,Dollars,173731.6634,102
Park Slope,2017,Dollars,161651.3421,306
Upper East Side,2017,Dollars,157507.0509,108
Upper West Side,2017,Dollars,148568.5246,107
Murray Hill/Stuyvesant,2017,Dollars,134765.0128,106
Chelsea/Clinton,2017,Dollars,122291.3676,104
Midtown Business District,2017,Dollars,122291.3676,105
Tottenville,2017,Dollars,116073.7316,503
Fort Greene/Brooklyn Hts,2017,Dollars,110996.4951,302
Queens Village,2017,Dollars,102956.1384,413
Manhattan,2017,Dollars,102013.6,36061
South Beach,2017,Dollars,97715.81643,502
Staten Island,2017,Dollars,94974.54043,36085
Canarsie,2017,Dollars,91911.89001,318
Williamsburg/Greenpoint,2017,Dollars,91865.12284,301
Rego Park/Forest Hills,2017,Dollars,90472.9,406
Howard Beach,2017,Dollars,88607.0096,410
Ridgewood/Glendale,2017,Dollars,85420.84587,405
Bayside,2017,Dollars,84126.95401,411
Woodhaven,2017,Dollars,83840.35516,409
Bay Ridge,2017,Dollars,82356.99628,310
Sunnyside/Woodside,2017,Dollars,80774.10727,402
Astoria,2017,Dollars,79602.52956,401
Queens,2017,Dollars,77356.50597,36081
Fresh Meadows/Briarwood,2017,Dollars,76752.13015,408
St. George,2017,Dollars,75391.08543,501
Jamaica/St. Albans,2017,Dollars,73952.09542,412
Sheepshead Bay,2017,Dollars,73477.22871,315
New York City,2017,Dollars,73003.56116,3651000
Crown Heights North,2017,Dollars,72077.81091,308
Throgs Neck,2017,Dollars,71376.30328,210
Williamsbridge,2017,Dollars,70478.13368,212
Brooklyn,2017,Dollars,68282.47473,36047
Sunset Park,2017,Dollars,68096.60519,307
Jackson Heights,2017,Dollars,67873.56174,403
Flatbush/Midwood,2017,Dollars,67871.16342,314
Washington Heights,2017,Dollars,67610.94606,112
The Rockaways,2017,Dollars,64768.94077,414
Riverdale,2017,Dollars,64737.76265,208
Bensonhurst,2017,Dollars,64146.57759,311
Elmhurst/Corona,2017,Dollars,62346.64091,404
Bedford Stuyvesant,2017,Dollars,62244.71244,303
Flushing,2017,Dollars,61497.6368,407
Crown Heights South,2017,Dollars,61243.41522,309
Bushwick,2017,Dollars,60744.56536,304
Manhattanville,2017,Dollars,60015.47707,109
East Flatbush,2017,Dollars,59177.26539,317
Central Harlem,2017,Dollars,58829.50946,110
Pelham Parkway,2017,Dollars,57581.18562,211
Borough Park,2017,Dollars,54398.61937,312
Unionport/Soundview,2017,Dollars,47972.32977,209
Lower East Side,2017,Dollars,47467.48411,103
Bronx,2017,Dollars,44844.9248,36005
East New York,2017,Dollars,44112.23904,305
East Harlem,2017,Dollars,44093.05251,111
Coney Island,2017,Dollars,43311.20127,313
Bedford Park,2017,Dollars,42396.24344,207
Concourse/Highbridge,2017,Dollars,37053.993,204
University Heights,2017,Dollars,36173.81077,205
Morrisania,2017,Dollars,31144.54065,203
East Tremont,2017,Dollars,31144.54065,206
Mott Haven,2017,Dollars,25141.55396,201
Hunts Point,2017,Dollars,25141.55396,202
Brownsville,2017,Dollars,24287.75321,316
Battery Park/Tribeca,2016,Dollars,167757.0884,101
Greenwich Village,2016,Dollars,167757.0884,102
Upper East Side,2016,Dollars,143012.276,108
Upper West Side,2016,Dollars,136042.0612,107
Murray Hill/Stuyvesant,2016,Dollars,134979.5956,106
Park Slope,2016,Dollars,126998.2657,306
Chelsea/Clinton,2016,Dollars,124158.0958,104
Midtown Business District,2016,Dollars,124158.0958,105
Tottenville,2016,Dollars,110074.6186,503
Fort Greene/Brooklyn Hts,2016,Dollars,106352.9324,302
South Beach,2016,Dollars,100442.738,502
Queens Village,2016,Dollars,98481.63918,413
Bayside,2016,Dollars,96728.38748,411
Manhattan,2016,Dollars,94825.97491,36061
Staten Island,2016,Dollars,94383.38278,36085
Canarsie,2016,Dollars,92175.31265,318
Ridgewood/Glendale,2016,Dollars,91340.25624,405
Howard Beach,2016,Dollars,88613.79092,410
Rego Park/Forest Hills,2016,Dollars,86276.12199,406
Williamsburg/Greenpoint,2016,Dollars,85205.09795,301
Fresh Meadows/Briarwood,2016,Dollars,81478.52113,408
Bay Ridge,2016,Dollars,81390.49175,310
Woodhaven,2016,Dollars,81342.80917,409
St. George,2016,Dollars,80173.97471,501
Sunnyside/Woodside,2016,Dollars,76139.29509,402
Queens,2016,Dollars,76056.15623,36081
Astoria,2016,Dollars,73854.19926,401
Sheepshead Bay,2016,Dollars,73541.20593,315
Jamaica/St. Albans,2016,Dollars,73470.29338,412
Throgs Neck,2016,Dollars,72624.23329,210
New York City,2016,Dollars,71959.12247,3651000
Riverdale,2016,Dollars,71275.67219,208
Brooklyn,2016,Dollars,67428.05498,36047
Sunset Park,2016,Dollars,65123.39707,307
Jackson Heights,2016,Dollars,64897.21049,403
Washington Heights,2016,Dollars,63614.67142,112
Crown Heights North,2016,Dollars,63441.05794,308
Bedford Stuyvesant,2016,Dollars,62885.98383,303
Williamsbridge,2016,Dollars,62819.9618,212
East Flatbush,2016,Dollars,62667.13302,317
Bensonhurst,2016,Dollars,62455.618,311
Flushing,2016,Dollars,62409.15805,407
Pelham Parkway,2016,Dollars,62120.61733,211
Crown Heights South,2016,Dollars,62108.39103,309
Flatbush/Midwood,2016,Dollars,61924.9965,314
Manhattanville,2016,Dollars,59950.44874,109
Bushwick,2016,Dollars,59211.9801,304
Borough Park,2016,Dollars,55991.57218,312
Central Harlem,2016,Dollars,55805.7324,110
The Rockaways,2016,Dollars,54239.54312,414
Elmhurst/Corona,2016,Dollars,51624.33714,404
Lower East Side,2016,Dollars,50380.92224,103
Coney Island,2016,Dollars,47942.99765,313
East New York,2016,Dollars,46313.2316,305
Bronx,2016,Dollars,45879.19789,36005
Unionport/Soundview,2016,Dollars,45794.8364,209
East Harlem,2016,Dollars,42086.59903,111
Bedford Park,2016,Dollars,41644.0069,207
Concourse/Highbridge,2016,Dollars,38511.62835,204
Brownsville,2016,Dollars,36931.99015,316
Mott Haven,2016,Dollars,33392.47575,201
Hunts Point,2016,Dollars,33392.47575,202
University Heights,2016,Dollars,32541.52514,205
Morrisania,2016,Dollars,31558.53047,203
East Tremont,2016,Dollars,31558.53047,206
Battery Park/Tribeca,2015,Dollars,150955.6402,101
Greenwich Village,2015,Dollars,150955.6402,102
Park Slope,2015,Dollars,137754.8072,306
Murray Hill/Stuyvesant,2015,Dollars,132047.8753,106
Upper East Side,2015,Dollars,126611.584,108
Chelsea/Clinton,2015,Dollars,126392.8471,104
Midtown Business District,2015,Dollars,126392.8471,105
Upper West Side,2015,Dollars,124864.1605,107
Fort Greene/Brooklyn Hts,2015,Dollars,107084.6825,302
Tottenville,2015,Dollars,100356.9784,503
Queens Village,2015,Dollars,100156.7786,413
Bayside,2015,Dollars,97902.67639,411
Manhattan,2015,Dollars,93395.70786,36061
South Beach,2015,Dollars,91293.6093,502
Staten Island,2015,Dollars,88510.58404,36085
Rego Park/Forest Hills,2015,Dollars,87657.88092,406
Canarsie,2015,Dollars,85386.47752,318
Howard Beach,2015,Dollars,83181.80743,410
Williamsburg/Greenpoint,2015,Dollars,82930.9397,301
Bay Ridge,2015,Dollars,79558.43706,310
Fresh Meadows/Briarwood,2015,Dollars,77069.53259,408
Ridgewood/Glendale,2015,Dollars,76983.02647,405
Riverdale,2015,Dollars,76268.73313,208
Woodhaven,2015,Dollars,74728.92431,409
Queens,2015,Dollars,74669.60583,36081
Sunnyside/Woodside,2015,Dollars,74405.14429,402
Jamaica/St. Albans,2015,Dollars,72065.7718,412
Astoria,2015,Dollars,71278.56617,401
St. George,2015,Dollars,69061.53805,501
New York City,2015,Dollars,68898.41224,3651000
Sheepshead Bay,2015,Dollars,67238.73066,315
Jackson Heights,2015,Dollars,66902.59262,403
The Rockaways,2015,Dollars,64674.44228,414
Brooklyn,2015,Dollars,63200.13094,36047
Throgs Neck,2015,Dollars,62852.87069,210
Flushing,2015,Dollars,62657.61403,407
East Flatbush,2015,Dollars,62189.24522,317
Bensonhurst,2015,Dollars,61825.91953,311
Flatbush/Midwood,2015,Dollars,61366.20133,314
Manhattanville,2015,Dollars,60162.53054,109
Williamsbridge,2015,Dollars,58665.97478,212
Central Harlem,2015,Dollars,56900.01425,110
Crown Heights North,2015,Dollars,56497.14293,308
Pelham Parkway,2015,Dollars,56295.70726,211
Washington Heights,2015,Dollars,55991.70006,112
Sunset Park,2015,Dollars,55885.42112,307
Crown Heights South,2015,Dollars,55860.70509,309
Elmhurst/Corona,2015,Dollars,54047.7841,404
Bushwick,2015,Dollars,53377.97962,304
Borough Park,2015,Dollars,53352.02778,312
Lower East Side,2015,Dollars,52234.86311,103
Coney Island,2015,Dollars,49780.56108,313
Bedford Stuyvesant,2015,Dollars,48868.53949,303
Unionport/Soundview,2015,Dollars,45461.43441,209
Bronx,2015,Dollars,43470.55799,36005
East New York,2015,Dollars,43375.40126,305
Bedford Park,2015,Dollars,39470.26813,207
East Harlem,2015,Dollars,37146.96107,111
Brownsville,2015,Dollars,33442.0278,316
Concourse/Highbridge,2015,Dollars,32287.78908,204
Mott Haven,2015,Dollars,30163.44608,201
Hunts Point,2015,Dollars,30163.44608,202
University Heights,2015,Dollars,29884.15491,205
Morrisania,2015,Dollars,29719.7933,203
East Tremont,2015,Dollars,29719.7933,206
Battery Park/Tribeca,2014,Dollars,148718.2094,101
Greenwich Village,2014,Dollars,148718.2094,102
Upper East Side,2014,Dollars,142590.8063,108
Park Slope,2014,Dollars,139877.2774,306
Upper West Side,2014,Dollars,131384.0435,107
Murray Hill/Stuyvesant,2014,Dollars,130696.0717,106
Chelsea/Clinton,2014,Dollars,121955.3659,104
Midtown Business District,2014,Dollars,121955.3659,105
Fort Greene/Brooklyn Hts,2014,Dollars,104640.9978,302
Tottenville,2014,Dollars,102351.8832,503
Bayside,2014,Dollars,100060.2939,411
Manhattan,2014,Dollars,94149.42866,36061
Queens Village,2014,Dollars,93707.69141,413
South Beach,2014,Dollars,88420.4553,502
Staten Island,2014,Dollars,88002.22787,36085
Ridgewood/Glendale,2014,Dollars,78770.29043,405
Canarsie,2014,Dollars,76827.6364,318
Rego Park/Forest Hills,2014,Dollars,75837.749,406
Woodhaven,2014,Dollars,75819.18861,409
Howard Beach,2014,Dollars,75412.09741,410
Williamsburg/Greenpoint,2014,Dollars,71541.63764,301
St. George,2014,Dollars,71274.36804,501
Sunnyside/Woodside,2014,Dollars,70857.37797,402
Queens,2014,Dollars,70827.68135,36081
Bay Ridge,2014,Dollars,70153.32055,310
Astoria,2014,Dollars,69624.96815,401
Fresh Meadows/Briarwood,2014,Dollars,68455.66365,408
Throgs Neck,2014,Dollars,68007.7396,210
Riverdale,2014,Dollars,67094.56846,208
New York City,2014,Dollars,65575.09129,3651000
Sheepshead Bay,2014,Dollars,65229.86806,315
Jamaica/St. Albans,2014,Dollars,65007.14339,412
Flushing,2014,Dollars,64472.60419,407
Flatbush/Midwood,2014,Dollars,62258.96848,314
Jackson Heights,2014,Dollars,61385.39284,403
Sunset Park,2014,Dollars,59456.34975,307
Brooklyn,2014,Dollars,59351.17422,36047
Pelham Parkway,2014,Dollars,59281.8821,211
Bensonhurst,2014,Dollars,59081.42991,311
Elmhurst/Corona,2014,Dollars,56007.82951,404
Washington Heights,2014,Dollars,55875.43206,112
Williamsbridge,2014,Dollars,55564.85489,212
Crown Heights North,2014,Dollars,55562.38017,308
The Rockaways,2014,Dollars,54739.53627,414
Borough Park,2014,Dollars,53481.14189,312
East Flatbush,2014,Dollars,52400.92727,317
Manhattanville,2014,Dollars,52259.86831,109
Crown Heights South,2014,Dollars,51738.94006,309
Lower East Side,2014,Dollars,51184.60311,103
Central Harlem,2014,Dollars,50192.24098,110
Bushwick,2014,Dollars,50093.25225,304
Unionport/Soundview,2014,Dollars,44616.70017,209
Bedford Park,2014,Dollars,43920.0669,207
Bedford Stuyvesant,2014,Dollars,42909.14438,303
Bronx,2014,Dollars,41713.85534,36005
East New York,2014,Dollars,40827.90612,305
East Harlem,2014,Dollars,38778.83918,111
Coney Island,2014,Dollars,36598.61216,313
Concourse/Highbridge,2014,Dollars,33659.88392,204
Brownsville,2014,Dollars,31254.45753,316
Morrisania,2014,Dollars,27272.63543,203
East Tremont,2014,Dollars,27272.63543,206
Mott Haven,2014,Dollars,26128.07811,201
Hunts Point,2014,Dollars,26128.07811,202
University Heights,2014,Dollars,25826.16246,205
Battery Park/Tribeca,2013,Dollars,157105.5564,101
Greenwich Village,2013,Dollars,157105.5564,102
Murray Hill/Stuyvesant,2013,Dollars,135498.8566,106
Upper East Side,2013,Dollars,135013.665,108
Park Slope,2013,Dollars,127615.4327,306
Chelsea/Clinton,2013,Dollars,126168.6338,104
Midtown Business District,2013,Dollars,126168.6338,105
Upper West Side,2013,Dollars,124461.0601,107
Tottenville,2013,Dollars,106773.5052,503
Queens Village,2013,Dollars,96392.66072,413
Fort Greene/Brooklyn Hts,2013,Dollars,95333.26294,302
Manhattan,2013,Dollars,90506.42098,36061
Bayside,2013,Dollars,90466.30177,411
Staten Island,2013,Dollars,87300.64569,36085
South Beach,2013,Dollars,86082.02481,502
Canarsie,2013,Dollars,83100.66632,318
Howard Beach,2013,Dollars,78572.21096,410
Woodhaven,2013,Dollars,78397.94316,409
Sunnyside/Woodside,2013,Dollars,77525.35044,402
Rego Park/Forest Hills,2013,Dollars,77297.17245,406
St. George,2013,Dollars,76127.44685,501
Riverdale,2013,Dollars,75993.29825,208
Bay Ridge,2013,Dollars,73494.62397,310
Ridgewood/Glendale,2013,Dollars,73423.16164,405
Fresh Meadows/Briarwood,2013,Dollars,72128.06352,408
Queens,2013,Dollars,70959.59165,36081
Throgs Neck,2013,Dollars,70282.58005,210
Williamsburg/Greenpoint,2013,Dollars,65719.02038,301
New York City,2013,Dollars,65473.29024,3651000
Jamaica/St. Albans,2013,Dollars,64502.90696,412
Sheepshead Bay,2013,Dollars,64020.22275,315
Astoria,2013,Dollars,63889.83534,401
Flushing,2013,Dollars,63300.58451,407
Jackson Heights,2013,Dollars,61659.45824,403
Brooklyn,2013,Dollars,59577.02071,36047
Bensonhurst,2013,Dollars,59266.09686,311
The Rockaways,2013,Dollars,58587.83154,414
Elmhurst/Corona,2013,Dollars,58284.43005,404
Crown Heights South,2013,Dollars,58039.95364,309
Williamsbridge,2013,Dollars,57211.24129,212
Manhattanville,2013,Dollars,57169.86835,109
Sunset Park,2013,Dollars,56511.66264,307
Bushwick,2013,Dollars,54354.0016,304
Pelham Parkway,2013,Dollars,54004.21227,211
East Flatbush,2013,Dollars,53491.43867,317
Flatbush/Midwood,2013,Dollars,53047.61996,314
Borough Park,2013,Dollars,50864.88441,312
Lower East Side,2013,Dollars,50315.75278,103
Crown Heights North,2013,Dollars,48937.90881,308
Washington Heights,2013,Dollars,46967.05282,112
Bedford Stuyvesant,2013,Dollars,46632.30819,303
East New York,2013,Dollars,46316.36944,305
Central Harlem,2013,Dollars,46283.77259,110
Bronx,2013,Dollars,41384.21458,36005
Unionport/Soundview,2013,Dollars,40574.30811,209
Coney Island,2013,Dollars,38677.4219,313
Bedford Park,2013,Dollars,36444.53735,207
Brownsville,2013,Dollars,35020.30555,316
East Harlem,2013,Dollars,33776.61016,111
Concourse/Highbridge,2013,Dollars,33082.04641,204
University Heights,2013,Dollars,30416.62667,205
Morrisania,2013,Dollars,30414.11922,203
East Tremont,2013,Dollars,30414.11922,206
Mott Haven,2013,Dollars,28939.7384,201
Hunts Point,2013,Dollars,28939.7384,202
Battery Park/Tribeca,2012,Dollars,131143.2936,101
Greenwich Village,2012,Dollars,131143.2936,102
Upper East Side,2012,Dollars,126619.0451,108
Murray Hill/Stuyvesant,2012,Dollars,117829.3313,106
Upper West Side,2012,Dollars,117049.1566,107
Park Slope,2012,Dollars,111092.0381,306
Chelsea/Clinton,2012,Dollars,109984.2409,104
Midtown Business District,2012,Dollars,109984.2409,105
Tottenville,2012,Dollars,104612.2535,503
Fort Greene/Brooklyn Hts,2012,Dollars,96554.27225,302
Queens Village,2012,Dollars,93058.78348,413
Bayside,2012,Dollars,91916.56688,411
South Beach,2012,Dollars,90889.08185,502
Staten Island,2012,Dollars,90463.30021,36085
Manhattan,2012,Dollars,85537.4911,36061
Fresh Meadows/Briarwood,2012,Dollars,81732.22707,408
Rego Park/Forest Hills,2012,Dollars,80533.91947,406
Canarsie,2012,Dollars,78415.20965,318
Howard Beach,2012,Dollars,76323.27053,410
St. George,2012,Dollars,71870.41048,501
Woodhaven,2012,Dollars,70937.26032,409
Riverdale,2012,Dollars,70060.20113,208
Queens,2012,Dollars,69747.87628,36081
Bay Ridge,2012,Dollars,66804.37389,310
Flushing,2012,Dollars,66698.56588,407
Astoria,2012,Dollars,66105.78605,401
Throgs Neck,2012,Dollars,65439.0681,210
New York City,2012,Dollars,64880.70775,3651000
Ridgewood/Glendale,2012,Dollars,64846.28828,405
Jamaica/St. Albans,2012,Dollars,64660.16816,412
Williamsburg/Greenpoint,2012,Dollars,64119.65495,301
Bensonhurst,2012,Dollars,63763.98705,311
Sunnyside/Woodside,2012,Dollars,63543.44747,402
The Rockaways,2012,Dollars,62382.10892,414
East Flatbush,2012,Dollars,61980.5484,317
Sheepshead Bay,2012,Dollars,60351.35999,315
Brooklyn,2012,Dollars,57658.99228,36047
Jackson Heights,2012,Dollars,54965.34976,403
Pelham Parkway,2012,Dollars,54361.09679,211
Crown Heights North,2012,Dollars,53158.9648,308
Elmhurst/Corona,2012,Dollars,53115.62176,404
Sunset Park,2012,Dollars,52802.02211,307
Williamsbridge,2012,Dollars,52753.57989,212
Flatbush/Midwood,2012,Dollars,52354.56895,314
Lower East Side,2012,Dollars,52044.79369,103
Manhattanville,2012,Dollars,51515.75363,109
Crown Heights South,2012,Dollars,49208.37411,309
Bedford Stuyvesant,2012,Dollars,48572.25124,303
Borough Park,2012,Dollars,48206.38498,312
Central Harlem,2012,Dollars,46964.73434,110
Washington Heights,2012,Dollars,46227.90265,112
Bushwick,2012,Dollars,44652.25563,304
Unionport/Soundview,2012,Dollars,43063.86067,209
East New York,2012,Dollars,42938.93072,305
Bronx,2012,Dollars,41379.85605,36005
East Harlem,2012,Dollars,39539.05161,111
Bedford Park,2012,Dollars,38914.4019,207
Coney Island,2012,Dollars,38186.49377,313
Brownsville,2012,Dollars,36154.47004,316
Concourse/Highbridge,2012,Dollars,34362.10782,204
University Heights,2012,Dollars,27530.47971,205
Morrisania,2012,Dollars,26244.21123,203
East Tremont,2012,Dollars,26244.21123,206
Mott Haven,2012,Dollars,24376.63609,201
Hunts Point,2012,Dollars,24376.63609,202
Battery Park/Tribeca,2011,Dollars,155808.6706,101
Greenwich Village,2011,Dollars,155808.6706,102
Upper East Side,2011,Dollars,136767.064,108
Murray Hill/Stuyvesant,2011,Dollars,131997.8883,106
Upper West Side,2011,Dollars,119794.8299,107
Park Slope,2011,Dollars,113468.4254,306
Chelsea/Clinton,2011,Dollars,107927.1347,104
Midtown Business District,2011,Dollars,107927.1347,105
Tottenville,2011,Dollars,105706.9787,503
Bayside,2011,Dollars,100125.3924,411
Queens Village,2011,Dollars,97961.13029,413
South Beach,2011,Dollars,92365.24549,502
Staten Island,2011,Dollars,91741.31409,36085
Manhattan,2011,Dollars,86179.22558,36061
Rego Park/Forest Hills,2011,Dollars,85663.18232,406
Fort Greene/Brooklyn Hts,2011,Dollars,80649.63349,302
Canarsie,2011,Dollars,77492.28061,318
Howard Beach,2011,Dollars,76088.43494,410
Bay Ridge,2011,Dollars,73495.22004,310
Riverdale,2011,Dollars,71646.82325,208
Woodhaven,2011,Dollars,71303.66098,409
St. George,2011,Dollars,70460.05373,501
Queens,2011,Dollars,69635.94432,36081
Throgs Neck,2011,Dollars,69459.16376,210
Fresh Meadows/Briarwood,2011,Dollars,69204.39177,408
Ridgewood/Glendale,2011,Dollars,68133.30953,405
Sunnyside/Woodside,2011,Dollars,65129.33977,402
Jamaica/St. Albans,2011,Dollars,65020.15178,412
Flushing,2011,Dollars,64511.90765,407
New York City,2011,Dollars,64292.2318,3651000
Sheepshead Bay,2011,Dollars,61886.19632,315
Williamsburg/Greenpoint,2011,Dollars,61097.18307,301
Astoria,2011,Dollars,60724.12408,401
Jackson Heights,2011,Dollars,60598.03794,403
Elmhurst/Corona,2011,Dollars,59326.7777,404
East Flatbush,2011,Dollars,58011.32232,317
Bensonhurst,2011,Dollars,57796.84589,311
Williamsbridge,2011,Dollars,56200.62138,212
Brooklyn,2011,Dollars,55571.49055,36047
Sunset Park,2011,Dollars,55301.12028,307
The Rockaways,2011,Dollars,54938.46014,414
Pelham Parkway,2011,Dollars,52962.67736,211
Crown Heights North,2011,Dollars,52658.51079,308
Flatbush/Midwood,2011,Dollars,52605.21666,314
Manhattanville,2011,Dollars,51326.15728,109
Lower East Side,2011,Dollars,50905.00357,103
Washington Heights,2011,Dollars,48849.9295,112
Crown Heights South,2011,Dollars,48674.44881,309
Unionport/Soundview,2011,Dollars,46577.7793,209
Central Harlem,2011,Dollars,45949.94833,110
Borough Park,2011,Dollars,44681.28781,312
Bushwick,2011,Dollars,44379.72096,304
Bedford Stuyvesant,2011,Dollars,42029.57932,303
Bronx,2011,Dollars,41670.81877,36005
East Harlem,2011,Dollars,40165.58425,111
Bedford Park,2011,Dollars,39835.42056,207
East New York,2011,Dollars,38809.8333,305
Coney Island,2011,Dollars,36533.78353,313
University Heights,2011,Dollars,33732.59149,205
Brownsville,2011,Dollars,33492.11792,316
Concourse/Highbridge,2011,Dollars,29700.43478,204
Morrisania,2011,Dollars,29077.80323,203
East Tremont,2011,Dollars,29077.80323,206
Mott Haven,2011,Dollars,27486.77814,201
Hunts Point,2011,Dollars,27486.77814,202
Battery Park/Tribeca,2010,Dollars,136517.3449,101
Greenwich Village,2010,Dollars,136517.3449,102
Upper East Side,2010,Dollars,127638.0158,108
Murray Hill/Stuyvesant,2010,Dollars,121813.3792,106
Upper West Side,2010,Dollars,120317.4489,107
Park Slope,2010,Dollars,110879.3183,306
Tottenville,2010,Dollars,109185.5348,503
Chelsea/Clinton,2010,Dollars,104066.7527,104
Midtown Business District,2010,Dollars,104066.7527,105
Queens Village,2010,Dollars,101696.5252,413
Fort Greene/Brooklyn Hts,2010,Dollars,95974.82569,302
Staten Island,2010,Dollars,94327.8318,36085
Bayside,2010,Dollars,94239.59999,411
South Beach,2010,Dollars,91889.42527,502
Manhattan,2010,Dollars,85333.53401,36061
St. George,2010,Dollars,79328.42317,501
Canarsie,2010,Dollars,78638.6108,318
Woodhaven,2010,Dollars,76403.40481,409
Howard Beach,2010,Dollars,75272.43335,410
Fresh Meadows/Briarwood,2010,Dollars,73840.67162,408
Rego Park/Forest Hills,2010,Dollars,73710.9976,406
Ridgewood/Glendale,2010,Dollars,71200.40139,405
Queens,2010,Dollars,70925.01118,36081
Sunnyside/Woodside,2010,Dollars,69775.32389,402
Flushing,2010,Dollars,69650.99723,407
Riverdale,2010,Dollars,66898.43197,208
Jamaica/St. Albans,2010,Dollars,66530.7994,412
New York City,2010,Dollars,65161.86941,3651000
Bay Ridge,2010,Dollars,64659.21543,310
The Rockaways,2010,Dollars,64066.9928,414
Throgs Neck,2010,Dollars,63136.54819,210
Sheepshead Bay,2010,Dollars,62762.2314,315
Astoria,2010,Dollars,62196.74568,401
Jackson Heights,2010,Dollars,60004.31874,403
Williamsbridge,2010,Dollars,58786.45232,212
Pelham Parkway,2010,Dollars,58305.18787,211
East Flatbush,2010,Dollars,57925.5237,317
Flatbush/Midwood,2010,Dollars,57577.94382,314
Lower East Side,2010,Dollars,56567.28847,103
Brooklyn,2010,Dollars,56338.68787,36047
Williamsburg/Greenpoint,2010,Dollars,55984.42376,301
Elmhurst/Corona,2010,Dollars,55197.02165,404
Washington Heights,2010,Dollars,55039.27386,112
Sunset Park,2010,Dollars,54011.23952,307
Unionport/Soundview,2010,Dollars,52523.33027,209
Crown Heights South,2010,Dollars,51861.59165,309
Crown Heights North,2010,Dollars,51563.47507,308
Bensonhurst,2010,Dollars,51126.32652,311
Manhattanville,2010,Dollars,49821.56513,109
Bushwick,2010,Dollars,49530.13278,304
Bedford Stuyvesant,2010,Dollars,49443.2378,303
Borough Park,2010,Dollars,48313.6032,312
Central Harlem,2010,Dollars,47237.44242,110
Bronx,2010,Dollars,43538.3904,36005
East New York,2010,Dollars,42197.53417,305
East Harlem,2010,Dollars,40872.72009,111
Coney Island,2010,Dollars,38923.59907,313
Bedford Park,2010,Dollars,36382.25542,207
Concourse/Highbridge,2010,Dollars,35735.22211,204
Brownsville,2010,Dollars,35074.82034,316
University Heights,2010,Dollars,34292.76561,205
Mott Haven,2010,Dollars,27865.21154,201
Hunts Point,2010,Dollars,27865.21154,202
Morrisania,2010,Dollars,27506.93689,203
East Tremont,2010,Dollars,27506.93689,206
Upper West Side,2009,Dollars,143804.2456,107
Battery Park/Tribeca,2009,Dollars,138403.7345,101
Greenwich Village,2009,Dollars,138403.7345,102
Upper East Side,2009,Dollars,134356.0704,108
Murray Hill/Stuyvesant,2009,Dollars,134198.3515,106
Park Slope,2009,Dollars,122722.9451,306
Chelsea/Clinton,2009,Dollars,111174.1179,104
Midtown Business District,2009,Dollars,111174.1179,105
Tottenville,2009,Dollars,104635.5836,503
Bayside,2009,Dollars,97990.99697,411
Queens Village,2009,Dollars,97853.6728,413
South Beach,2009,Dollars,95184.68905,502
Manhattan,2009,Dollars,93415.79051,36061
Rego Park/Forest Hills,2009,Dollars,90268.21163,406
Staten Island,2009,Dollars,90133.60674,36085
Fort Greene/Brooklyn Hts,2009,Dollars,89948.69498,302
Canarsie,2009,Dollars,86790.23892,318
Howard Beach,2009,Dollars,84355.11418,410
St. George,2009,Dollars,76359.04013,501
Sunnyside/Woodside,2009,Dollars,74947.72829,402
Queens,2009,Dollars,74943.64936,36081
Jamaica/St. Albans,2009,Dollars,73772.99475,412
Fresh Meadows/Briarwood,2009,Dollars,72399.75299,408
Bay Ridge,2009,Dollars,71980.98224,310
Ridgewood/Glendale,2009,Dollars,71412.6505,405
Flushing,2009,Dollars,71127.12498,407
Woodhaven,2009,Dollars,70980.28329,409
Riverdale,2009,Dollars,70780.41542,208
The Rockaways,2009,Dollars,70218.88191,414
Jackson Heights,2009,Dollars,70137.3032,403
New York City,2009,Dollars,68027.13368,3651000
Sheepshead Bay,2009,Dollars,66878.23339,315
Pelham Parkway,2009,Dollars,65101.17698,211
East Flatbush,2009,Dollars,65057.66832,317
Astoria,2009,Dollars,64494.77518,401
Throgs Neck,2009,Dollars,63103.85802,210
Williamsbridge,2009,Dollars,62768.02563,212
Elmhurst/Corona,2009,Dollars,58872.64182,404
Brooklyn,2009,Dollars,58690.44935,36047
Lower East Side,2009,Dollars,56090.80752,103
Borough Park,2009,Dollars,55712.82613,312
Flatbush/Midwood,2009,Dollars,54891.60036,314
Williamsburg/Greenpoint,2009,Dollars,53341.60472,301
Sunset Park,2009,Dollars,53220.59628,307
Manhattanville,2009,Dollars,52501.34392,109
Bensonhurst,2009,Dollars,52446.9581,311
Crown Heights North,2009,Dollars,52251.16917,308
Crown Heights South,2009,Dollars,51009.81301,309
Washington Heights,2009,Dollars,50431.96375,112
Unionport/Soundview,2009,Dollars,45805.09077,209
East New York,2009,Dollars,45344.17102,305
Bronx,2009,Dollars,44722.8131,36005
Coney Island,2009,Dollars,44314.91951,313
Bushwick,2009,Dollars,43209.52788,304
Central Harlem,2009,Dollars,42793.47641,110
Bedford Stuyvesant,2009,Dollars,41005.54283,303
Concourse/Highbridge,2009,Dollars,40042.91396,204
Bedford Park,2009,Dollars,40008.92282,207
East Harlem,2009,Dollars,38033.3582,111
Brownsville,2009,Dollars,35137.31368,316
University Heights,2009,Dollars,32949.64439,205
Morrisania,2009,Dollars,31859.20885,203
East Tremont,2009,Dollars,31859.20885,206
Mott Haven,2009,Dollars,26155.49678,201
Hunts Point,2009,Dollars,26155.49678,202
Upper East Side,2008,Dollars,150473.8599,108
Murray Hill/Stuyvesant,2008,Dollars,147263.1937,106
Battery Park/Tribeca,2008,Dollars,144366.6293,101
Greenwich Village,2008,Dollars,144366.6293,102
Upper West Side,2008,Dollars,140671.1538,107
Tottenville,2008,Dollars,123984.1567,503
Park Slope,2008,Dollars,111060.9179,306
Chelsea/Clinton,2008,Dollars,108341.8893,104
Midtown Business District,2008,Dollars,108341.8893,105
South Beach,2008,Dollars,103024.01,502
Queens Village,2008,Dollars,102285.188,413
Bayside,2008,Dollars,101056.0942,411
Staten Island,2008,Dollars,100897.6777,36085
Manhattan,2008,Dollars,94253.74272,36061
Rego Park/Forest Hills,2008,Dollars,90812.28001,406
Canarsie,2008,Dollars,85249.94763,318
Fort Greene/Brooklyn Hts,2008,Dollars,84918.0923,302
Fresh Meadows/Briarwood,2008,Dollars,82630.61212,408
Throgs Neck,2008,Dollars,79821.4499,210
Howard Beach,2008,Dollars,79018.44194,410
Riverdale,2008,Dollars,77341.4117,208
Flushing,2008,Dollars,76761.00628,407
Queens,2008,Dollars,76523.38148,36081
St. George,2008,Dollars,75948.4387,501
Bay Ridge,2008,Dollars,74891.41801,310
Sunnyside/Woodside,2008,Dollars,74179.90925,402
Ridgewood/Glendale,2008,Dollars,73503.90765,405
Jamaica/St. Albans,2008,Dollars,71413.08249,412
Woodhaven,2008,Dollars,71271.05388,409
Astoria,2008,Dollars,71103.07772,401
New York City,2008,Dollars,69807.06656,3651000
Jackson Heights,2008,Dollars,65518.89477,403
Williamsbridge,2008,Dollars,63496.35261,212
Sheepshead Bay,2008,Dollars,63365.24927,315
The Rockaways,2008,Dollars,63045.68487,414
Sunset Park,2008,Dollars,59960.65937,307
Pelham Parkway,2008,Dollars,59519.55125,211
East Flatbush,2008,Dollars,59518.18559,317
Brooklyn,2008,Dollars,59239.591,36047
Elmhurst/Corona,2008,Dollars,57166.51941,404
Flatbush/Midwood,2008,Dollars,56541.04723,314
Williamsburg/Greenpoint,2008,Dollars,56330.73562,301
Borough Park,2008,Dollars,54814.85323,312
Unionport/Soundview,2008,Dollars,54813.48757,209
Crown Heights North,2008,Dollars,53339.94064,308
Bensonhurst,2008,Dollars,52790.94539,311
Bedford Stuyvesant,2008,Dollars,52713.10279,303
Washington Heights,2008,Dollars,51729.82773,112
Manhattanville,2008,Dollars,51311.93583,109
Crown Heights South,2008,Dollars,50986.9088,309
Lower East Side,2008,Dollars,49898.47793,103
Bushwick,2008,Dollars,49223.84199,304
East New York,2008,Dollars,49139.17108,305
Bronx,2008,Dollars,47843.15993,36005
Central Harlem,2008,Dollars,45281.18213,110
Coney Island,2008,Dollars,44374.38402,313
Bedford Park,2008,Dollars,42858.50164,207
East Harlem,2008,Dollars,41425.92451,111
Brownsville,2008,Dollars,37343.96736,316
University Heights,2008,Dollars,36803.16607,205
Concourse/Highbridge,2008,Dollars,33826.0277,204
Morrisania,2008,Dollars,28729.3853,203
East Tremont,2008,Dollars,28729.3853,206
Mott Haven,2008,Dollars,26191.98939,201
Hunts Point,2008,Dollars,26191.98939,202
Battery Park/Tribeca,2007,Dollars,148940.0373,101
Greenwich Village,2007,Dollars,148940.0373,102
Upper East Side,2007,Dollars,145932.0362,108
Murray Hill/Stuyvesant,2007,Dollars,137523.8219,106
Upper West Side,2007,Dollars,123170.549,107
Chelsea/Clinton,2007,Dollars,112641.1264,104
Midtown Business District,2007,Dollars,112641.1264,105
Tottenville,2007,Dollars,111227.9334,503
Park Slope,2007,Dollars,108251.1475,306
Queens Village,2007,Dollars,106452.0223,413
Bayside,2007,Dollars,99461.25761,411
South Beach,2007,Dollars,97020.80392,502
Staten Island,2007,Dollars,95042.90134,36085
Manhattan,2007,Dollars,91115.47355,36061
Fort Greene/Brooklyn Hts,2007,Dollars,90872.84704,302
Rego Park/Forest Hills,2007,Dollars,90047.06562,406
Canarsie,2007,Dollars,86640.36253,318
Howard Beach,2007,Dollars,84937.72043,410
St. George,2007,Dollars,79450.95623,501
Fresh Meadows/Briarwood,2007,Dollars,78454.9106,408
Sunnyside/Woodside,2007,Dollars,75591.63412,402
Queens,2007,Dollars,75442.65293,36081
Throgs Neck,2007,Dollars,75046.78865,210
Flushing,2007,Dollars,74253.6412,407
Woodhaven,2007,Dollars,73881.89767,409
Riverdale,2007,Dollars,72658.83309,208
Ridgewood/Glendale,2007,Dollars,71999.05927,405
Bay Ridge,2007,Dollars,69848.05474,310
Jackson Heights,2007,Dollars,69010.92237,403
New York City,2007,Dollars,69000.9903,3651000
Jamaica/St. Albans,2007,Dollars,68756.94493,412
Williamsbridge,2007,Dollars,65944.74772,212
Astoria,2007,Dollars,65909.27601,401
Sheepshead Bay,2007,Dollars,64269.0641,315
Elmhurst/Corona,2007,Dollars,63258.82979,404
Pelham Parkway,2007,Dollars,62905.53155,211
East Flatbush,2007,Dollars,61127.68942,317
The Rockaways,2007,Dollars,59646.39078,414
Manhattanville,2007,Dollars,59399.50768,109
Bensonhurst,2007,Dollars,58874.52636,311
Brooklyn,2007,Dollars,58749.66594,36047
Flatbush/Midwood,2007,Dollars,58480.08094,314
Williamsburg/Greenpoint,2007,Dollars,57940.91094,301
Crown Heights South,2007,Dollars,55182.63072,309
Sunset Park,2007,Dollars,54752.71359,307
Borough Park,2007,Dollars,53949.63406,312
Crown Heights North,2007,Dollars,50398.20639,308
Washington Heights,2007,Dollars,50307.39882,112
Bronx,2007,Dollars,48462.86987,36005
Unionport/Soundview,2007,Dollars,47622.89976,209
East New York,2007,Dollars,45928.77087,305
Lower East Side,2007,Dollars,45457.70654,103
Bushwick,2007,Dollars,44738.34025,304
Bedford Stuyvesant,2007,Dollars,44488.61941,303
Coney Island,2007,Dollars,44369.43447,313
Central Harlem,2007,Dollars,44312.67973,110
East Harlem,2007,Dollars,43555.00399,111
Bedford Park,2007,Dollars,42937.79623,207
Brownsville,2007,Dollars,35891.69563,316
Concourse/Highbridge,2007,Dollars,35214.8954,204
University Heights,2007,Dollars,34217.4309,205
Mott Haven,2007,Dollars,29550.77265,201
Hunts Point,2007,Dollars,29550.77265,202
Morrisania,2007,Dollars,29310.98389,203
East Tremont,2007,Dollars,29310.98389,206
Upper East Side,2006,Dollars,140415.639,108
Battery Park/Tribeca,2006,Dollars,138415.3704,101
Greenwich Village,2006,Dollars,138415.3704,102
Upper West Side,2006,Dollars,132232.1918,107
Murray Hill/Stuyvesant,2006,Dollars,130891.3846,106
Tottenville,2006,Dollars,119539.0219,503
Park Slope,2006,Dollars,108263.9855,306
Chelsea/Clinton,2006,Dollars,106079.8848,104
Midtown Business District,2006,Dollars,106079.8848,105
South Beach,2006,Dollars,100728.3277,502
Staten Island,2006,Dollars,100115.554,36085
Bayside,2006,Dollars,98440.63913,411
Queens Village,2006,Dollars,96355.7495,413
Rego Park/Forest Hills,2006,Dollars,87663.11658,406
Manhattan,2006,Dollars,87563.9056,36061
Canarsie,2006,Dollars,86249.36008,318
St. George,2006,Dollars,85318.52761,501
Fresh Meadows/Briarwood,2006,Dollars,82671.92873,408
Howard Beach,2006,Dollars,82600.43847,410
Bay Ridge,2006,Dollars,80379.86323,310
Fort Greene/Brooklyn Hts,2006,Dollars,80175.60532,302
Woodhaven,2006,Dollars,76920.60968,409
Throgs Neck,2006,Dollars,75543.3278,210
Queens,2006,Dollars,74685.44459,36081
Flushing,2006,Dollars,73880.08484,407
Ridgewood/Glendale,2006,Dollars,73645.18825,405
Riverdale,2006,Dollars,71733.91784,208
Jamaica/St. Albans,2006,Dollars,71348.74578,412
Jackson Heights,2006,Dollars,69738.02629,403
Sunset Park,2006,Dollars,68378.25222,307
New York City,2006,Dollars,67813.62501,3651000
Williamsbridge,2006,Dollars,66560.35686,212
Sunnyside/Woodside,2006,Dollars,65222.46757,402
The Rockaways,2006,Dollars,63569.43751,414
Sheepshead Bay,2006,Dollars,61874.09688,315
Astoria,2006,Dollars,61442.23731,401
Pelham Parkway,2006,Dollars,61433.48339,211
East Flatbush,2006,Dollars,60552.25643,317
Elmhurst/Corona,2006,Dollars,60435.53763,404
Brooklyn,2006,Dollars,58932.78303,36047
Flatbush/Midwood,2006,Dollars,58534.48011,314
Borough Park,2006,Dollars,58417.76131,312
Bensonhurst,2006,Dollars,56483.14713,311
Crown Heights North,2006,Dollars,56205.93998,308
Lower East Side,2006,Dollars,53835.08927,103
Unionport/Soundview,2006,Dollars,50524.6522,209
Crown Heights South,2006,Dollars,49825.79836,309
Washington Heights,2006,Dollars,47398.04724,112
Williamsburg/Greenpoint,2006,Dollars,47135.42993,301
Bronx,2006,Dollars,45949.27509,36005
Manhattanville,2006,Dollars,41963.32794,109
Bedford Park,2006,Dollars,41241.13033,207
East New York,2006,Dollars,40949.33333,305
Coney Island,2006,Dollars,40826.77858,313
Bushwick,2006,Dollars,40635.65154,304
Bedford Stuyvesant,2006,Dollars,40265.06935,303
East Harlem,2006,Dollars,39410.10411,111
Central Harlem,2006,Dollars,39402.80918,110
Concourse/Highbridge,2006,Dollars,35502.94215,204
Brownsville,2006,Dollars,33520.18147,316
University Heights,2006,Dollars,29715.14847,205
Morrisania,2006,Dollars,26915.35616,203
East Tremont,2006,Dollars,26915.35616,206
Mott Haven,2006,Dollars,26031.21121,201
Hunts Point,2006,Dollars,26031.21121,202
Battery Park/Tribeca,2005,Dollars,140726.9021,101
Greenwich Village,2005,Dollars,140726.9021,102
Murray Hill/Stuyvesant,2005,Dollars,130393.2945,106
Upper West Side,2005,Dollars,127323.1866,107
Upper East Side,2005,Dollars,125367.2796,108
Tottenville,2005,Dollars,121606.8516,503
Park Slope,2005,Dollars,107252.4321,306
Chelsea/Clinton,2005,Dollars,106854.2869,104
Midtown Business District,2005,Dollars,106854.2869,105
Queens Village,2005,Dollars,102243.0697,413
Bayside,2005,Dollars,100193.3034,411
Staten Island,2005,Dollars,95407.99226,36085
South Beach,2005,Dollars,90074.66384,502
Manhattan,2005,Dollars,84735.27999,36061
Canarsie,2005,Dollars,79468.56141,318
Rego Park/Forest Hills,2005,Dollars,79179.41417,406
St. George,2005,Dollars,78360.41596,501
Howard Beach,2005,Dollars,78299.86157,410
Fort Greene/Brooklyn Hts,2005,Dollars,77383.97633,302
Flushing,2005,Dollars,74398.64462,407
Bay Ridge,2005,Dollars,73578.13255,310
Riverdale,2005,Dollars,73178.47354,208
Queens,2005,Dollars,72806.064,36081
Ridgewood/Glendale,2005,Dollars,72730.37101,405
Fresh Meadows/Briarwood,2005,Dollars,72610.77608,408
Jamaica/St. Albans,2005,Dollars,70255.21007,412
Woodhaven,2005,Dollars,70078.08847,409
The Rockaways,2005,Dollars,68281.13677,414
Throgs Neck,2005,Dollars,66576.53053,210
New York City,2005,Dollars,65752.99075,3651000
East Flatbush,2005,Dollars,63280.85753,317
Sunnyside/Woodside,2005,Dollars,62295.33475,402
Jackson Heights,2005,Dollars,62293.82089,403
Sheepshead Bay,2005,Dollars,62290.79317,315
Elmhurst/Corona,2005,Dollars,62186.33683,404
Pelham Parkway,2005,Dollars,60888.9589,211
Bensonhurst,2005,Dollars,60722.43431,311
Williamsbridge,2005,Dollars,60150.19527,212
Sunset Park,2005,Dollars,57290.51393,307
Astoria,2005,Dollars,57043.75476,401
Brooklyn,2005,Dollars,56515.41766,36047
Flatbush/Midwood,2005,Dollars,56507.84836,314
Crown Heights South,2005,Dollars,56280.76938,309
Unionport/Soundview,2005,Dollars,51322.87821,209
Borough Park,2005,Dollars,49453.26124,312
Lower East Side,2005,Dollars,48525.26513,103
Washington Heights,2005,Dollars,48096.84277,112
East New York,2005,Dollars,46741.93817,305
Bedford Stuyvesant,2005,Dollars,46632.94025,303
Williamsburg/Greenpoint,2005,Dollars,46104.60315,301
Crown Heights North,2005,Dollars,45951.7033,308
Bronx,2005,Dollars,44247.09706,36005
Bedford Park,2005,Dollars,44228.93073,207
Manhattanville,2005,Dollars,42333.57815,109
East Harlem,2005,Dollars,40772.7886,111
Central Harlem,2005,Dollars,40501.80767,110
Bushwick,2005,Dollars,38627.64912,304
Coney Island,2005,Dollars,38309.73854,313
Brownsville,2005,Dollars,33598.60655,316
Concourse/Highbridge,2005,Dollars,31427.73145,204
University Heights,2005,Dollars,29341.63252,205
Morrisania,2005,Dollars,28366.70674,203
East Tremont,2005,Dollars,28366.70674,206
Mott Haven,2005,Dollars,21038.11098,201
Hunts Point,2005,Dollars,21038.11098,202
