,community_board,year,median_income
0,Manhattan Community Board 7,2021,125391.766
1,Brooklyn Community Board 1,2021,111747.47
2,Brooklyn Community Board 17,2021,66988.77
3,Bronx Community Board 9,2021,43316.715
4,Bronx Community Board 1,2021,21155.814
5,Staten Island Community Board 2,2019,95024.85
6,Queens Community Board 2,2019,93663.54
7,Brooklyn Community Board 14,2019,75936.305
8,Manhattan Community Board 10,2019,63588.367
9,Bronx Community Board 6,2019,27324.754
10,Brooklyn Community Board 2,2018,127604.36
11,Manhattan Community Board 9,2018,70627.73
12,Brooklyn Community Board 12,2018,59484.22
13,Manhattan Community Board 3,2018,56924.86
14,Queens Community Board 11,2017,84126.95
15,Queens Community Board 1,2017,79602.53
16,Brooklyn Community Board 15,2017,73477.23
17,Brooklyn Community Board 9,2017,61243.414
18,Manhattan Community Board 3,2017,47467.484
19,Queens Community Board 10,2016,88613.79
20,Manhattan Community Board 4,2015,126392.84
21,Manhattan Community Board 5,2015,126392.84
22,Queens Community Board 13,2015,100156.78
23,Queens Community Board 9,2015,74728.92
24,Brooklyn Community Board 8,2015,56497.145
25,Brooklyn Community Board 12,2015,53352.027
26,Bronx Community Board 7,2015,39470.27
27,Brooklyn Community Board 16,2015,33442.027
28,Queens Community Board 11,2014,100060.3
29,Queens Community Board 6,2014,75837.75
30,Queens Community Board 3,2014,61385.395
31,Brooklyn Community Board 17,2014,52400.926
32,Manhattan Community Board 10,2014,50192.242
33,Brooklyn Community Board 6,2013,127615.43
34,Staten Island Community Board 3,2013,106773.51
35,Queens Community Board 8,2013,72128.06
36,Bronx Community Board 10,2013,70282.58
37,Queens Community Board 7,2013,63300.586
38,Brooklyn Community Board 7,2013,56511.664
39,Bronx Community Board 7,2013,36444.54
40,Bronx Community Board 1,2013,28939.738
41,Brooklyn Community Board 18,2012,78415.21
42,Queens Community Board 10,2012,76323.27
43,Queens Community Board 9,2012,70937.26
44,Queens Community Board 7,2012,66698.56
45,Brooklyn Community Board 11,2012,63763.99
46,Brooklyn Community Board 8,2012,53158.965
47,Queens Community Board 10,2011,76088.44
48,Queens Community Board 9,2011,71303.664
49,Bronx Community Board 7,2011,39835.42
50,Brooklyn Community Board 5,2011,38809.832
51,Bronx Community Board 6,2011,29077.803
52,Queens Community Board 13,2010,101696.52
53,Queens Community Board 3,2010,60004.32
54,Manhattan Community Board 3,2010,56567.29
55,Brooklyn Community Board 9,2010,51861.59
56,Brooklyn Community Board 4,2010,49530.133
57,Brooklyn Community Board 13,2010,38923.598
58,Bronx Community Board 7,2010,36382.254
59,Bronx Community Board 2,2010,27865.21
60,Queens Community Board 13,2009,97853.67
61,Queens Community Board 12,2009,73772.99
62,Queens Community Board 8,2009,72399.75
63,Queens Community Board 5,2009,71412.65
64,Queens Community Board 7,2009,71127.125
65,Manhattan Community Board 3,2009,56090.81
66,Bronx Community Board 9,2009,45805.09
67,Bronx Community Board 4,2009,40042.914
68,Manhattan Community Board 11,2009,38033.36
69,Queens Community Board 8,2008,82630.61
70,Brooklyn Community Board 11,2008,52790.945
71,Brooklyn Community Board 13,2008,44374.383
72,Bronx Community Board 6,2008,28729.385
73,Bronx Community Board 1,2008,26191.99
74,Bronx Community Board 2,2008,26191.99
75,Manhattan Community Board 4,2007,112641.125
76,Bronx Community Board 10,2007,75046.79
77,Manhattan Community Board 9,2007,59399.508
78,Brooklyn Community Board 14,2007,58480.082
79,Manhattan Community Board 12,2007,50307.4
80,Bronx Community Board 7,2007,42937.797
81,Staten Island Community Board 3,2006,119539.02
82,Staten Island Community Board 2,2006,100728.33
83,Brooklyn Community Board 18,2006,86249.36
84,Staten Island Community Board 1,2006,85318.53
85,Queens Community Board 1,2006,61442.24
86,Brooklyn Community Board 12,2006,58417.76
87,Bronx Community Board 1,2006,26031.21
88,Brooklyn Community Board 4,2016,59211.98
89,Manhattan Community Board 6,2015,132047.88
90,Bronx Community Board 6,2013,30414.12
91,Manhattan Community Board 10,2011,45949.95
92,Manhattan Community Board 6,2019,178847.78
93,Staten Island Community Board 3,2019,125047.94
94,Brooklyn Community Board 16,2019,36284.45
95,Queens Community Board 1,2018,79362.5
96,Manhattan Community Board 4,2008,108341.89
97,Queens Community Board 3,2007,69010.92
98,Brooklyn Community Board 10,2006,80379.86
99,Manhattan Community Board 8,2019,155421.77
100,Staten Island Community Board 1,2018,86074.49
101,Staten Island Community Board 3,2016,110074.62
102,Brooklyn Community Board 12,2007,53949.633
103,Brooklyn Community Board 4,2011,44379.723
104,Brooklyn Community Board 17,2019,70491.03
105,Bronx Community Board 4,2010,35735.223
106,Queens Community Board 8,2021,82060.73
107,Brooklyn Community Board 18,2014,76827.63
108,Queens Community Board 4,2019,77723.62
109,Bronx Community Board 11,2010,58305.188
110,Manhattan Community Board 5,2014,121955.37
111,Bronx Community Board 3,2019,27324.754
112,Queens Community Board 12,2022,75164.81
113,Manhattan Community Board 3,2022,58541.69
114,Queens Community Board 13,2022,104915.32
115,Queens Community Board 14,2022,66737.49
116,Brooklyn Community Board 17,2022,73583.586
117,Bronx Community Board 11,2022,64025.63
118,Queens Community Board 8,2023,78065.0
119,Bronx Community Board 2,2023,33940.0
120,Queens Community Board 3,2023,75083.0
121,Queens Community Board 12,2023,75235.0
122,Bronx Community Board 11,2023,58881.0
123,Brooklyn Community Board 15,2023,68903.0
124,Bronx Community Board 5,2023,34756.0
125,Manhattan Community Board 12,2023,61527.0
126,Queens Community Board 6,2024,75128.836
127,Queens Community Board 10,2020,83542.08
128,Brooklyn Community Board 10,2020,84507.42
129,Queens Community Board 5,2024,76082.05
130,Bronx Community Board 6,2020,23688.293
131,Manhattan Community Board 9,2020,69271.734
132,Manhattan Community Board 10,2024,50877.84
133,Brooklyn Community Board 9,2020,60607.742
134,Queens Community Board 12,2024,75447.195
135,Queens Community Board 8,2024,77408.56
136,Manhattan Community Board 7,2020,125127.97
137,Brooklyn Community Board 14,2024,55763.85
138,Queens Community Board 5,2020,80751.445
139,Manhattan Community Board 2,2020,155808.67
140,Queens Community Board 6,2020,74419.914
141,Manhattan Community Board 1,2024,148940.03
142,Queens Community Board 13,2021,107171.47
143,Queens Community Board 11,2021,95541.984
144,Queens Community Board 10,2021,90995.73
145,Staten Island Community Board 2,2021,89351.05
146,Queens Community Board 2,2021,88907.11
147,Queens Community Board 12,2021,75659.39
148,Brooklyn Community Board 15,2021,70618.516
149,Brooklyn Community Board 9,2021,69353.89
150,Bronx Community Board 10,2021,62798.33
151,Bronx Community Board 4,2021,45865.793
152,Queens Community Board 13,2019,109726.164
153,Manhattan Community Board 9,2019,79143.97
154,Queens Community Board 3,2019,77790.76
155,Bronx Community Board 10,2019,70646.15
156,Brooklyn Community Board 13,2019,47126.375
157,Staten Island Community Board 3,2018,102239.055
158,Brooklyn Community Board 1,2018,94911.63
159,Brooklyn Community Board 9,2018,73361.24
160,Manhattan Community Board 12,2018,63536.832
161,Bronx Community Board 12,2018,60322.04
162,Brooklyn Community Board 6,2017,161651.34
163,Brooklyn Community Board 2,2017,110996.49
164,Brooklyn Community Board 1,2017,91865.125
165,Queens Community Board 5,2017,85420.84
166,Queens Community Board 2,2017,80774.11
167,Queens Community Board 8,2017,76752.13
168,Staten Island Community Board 1,2017,75391.086
169,Bronx Community Board 12,2017,70478.13
170,Queens Community Board 3,2017,67873.56
171,Queens Community Board 4,2017,62346.64
172,Brooklyn Community Board 13,2017,43311.203
173,Brooklyn Community Board 18,2016,92175.31
174,Manhattan Community Board 10,2016,55805.73
175,Manhattan Community Board 8,2015,126611.586
176,Manhattan Community Board 7,2015,124864.164
177,Staten Island Community Board 1,2015,69061.54
178,Manhattan Community Board 6,2014,130696.07
179,Queens Community Board 13,2014,93707.695
180,Brooklyn Community Board 11,2014,59081.43
181,Brooklyn Community Board 4,2014,50093.254
182,Manhattan Community Board 6,2013,135498.86
183,Queens Community Board 11,2013,90466.305
184,Brooklyn Community Board 1,2013,65719.02
185,Queens Community Board 12,2013,64502.906
186,Manhattan Community Board 6,2012,117829.33
187,Staten Island Community Board 2,2012,90889.08
188,Brooklyn Community Board 1,2012,64119.656
189,Manhattan Community Board 3,2012,52044.793
190,Brooklyn Community Board 13,2012,38186.492
191,Bronx Community Board 5,2012,27530.48
192,Bronx Community Board 3,2012,26244.21
193,Bronx Community Board 1,2012,24376.637
194,Manhattan Community Board 2,2011,155808.67
195,Staten Island Community Board 3,2011,105706.98
196,Queens Community Board 8,2011,69204.39
197,Brooklyn Community Board 15,2011,61886.195
198,Queens Community Board 6,2010,73711.0
199,Brooklyn Community Board 15,2010,62762.23
200,Queens Community Board 4,2010,55197.023
201,Manhattan Community Board 9,2010,49821.566
202,Manhattan Community Board 10,2010,47237.44
203,Bronx Community Board 1,2010,27865.21
204,Brooklyn Community Board 15,2009,66878.234
205,Bronx Community Board 11,2009,65101.176
206,Brooklyn Community Board 11,2009,52446.957
207,Bronx Community Board 7,2009,40008.92
208,Bronx Community Board 2,2009,26155.496
209,Bronx Community Board 12,2008,63496.35
210,Brooklyn Community Board 16,2008,37343.97
211,Manhattan Community Board 1,2007,148940.03
212,Queens Community Board 12,2007,68756.945
213,Brooklyn Community Board 1,2007,57940.91
214,Brooklyn Community Board 3,2007,44488.62
215,Brooklyn Community Board 13,2007,44369.434
216,Manhattan Community Board 8,2006,140415.64
217,Manhattan Community Board 5,2006,106079.88
218,Brooklyn Community Board 2,2006,80175.6
219,Bronx Community Board 10,2006,75543.33
220,Queens Community Board 2,2006,65222.47
221,Manhattan Community Board 9,2006,41963.33
222,Bronx Community Board 9,2013,40574.31
223,Bronx Community Board 9,2010,52523.332
224,Brooklyn Community Board 4,2018,62790.793
225,Brooklyn Community Board 17,2016,62667.133
226,Manhattan Community Board 4,2009,111174.12
227,Manhattan Community Board 3,2021,54732.49
228,Queens Community Board 12,2017,73952.09
229,Bronx Community Board 8,2014,67094.57
230,Manhattan Community Board 2,2012,131143.3
231,Manhattan Community Board 9,2009,52501.344
232,Bronx Community Board 8,2021,68566.25
233,Bronx Community Board 6,2021,16962.467
234,Bronx Community Board 9,2019,50904.727
235,Bronx Community Board 8,2015,76268.734
236,Bronx Community Board 4,2014,33659.883
237,Manhattan Community Board 1,2013,157105.56
238,Queens Community Board 10,2010,75272.43
239,Bronx Community Board 2,2007,29550.773
240,Queens Community Board 8,2006,82671.93
241,Manhattan Community Board 11,2006,39410.105
242,Bronx Community Board 11,2018,64040.465
243,Brooklyn Community Board 4,2019,76718.836
244,Queens Community Board 6,2009,90268.21
245,Queens Community Board 3,2009,70137.305
246,Brooklyn Community Board 5,2008,49139.17
247,Queens Community Board 6,2012,80533.92
248,Staten Island Community Board 3,2021,113684.06
249,Bronx Community Board 12,2022,62795.324
250,Brooklyn Community Board 4,2022,94226.734
251,Brooklyn Community Board 18,2022,87493.805
252,Bronx Community Board 3,2022,32309.748
253,Bronx Community Board 7,2023,42387.0
254,Brooklyn Community Board 11,2023,68996.0
255,Brooklyn Community Board 12,2023,67187.0
256,Manhattan Community Board 4,2023,122723.0
257,Brooklyn Community Board 17,2023,66236.0
258,Brooklyn Community Board 5,2023,49345.0
259,Brooklyn Community Board 2,2023,151134.0
260,Queens Community Board 13,2023,103300.0
261,Brooklyn Community Board 1,2023,111492.0
262,Manhattan Community Board 6,2023,144175.0
263,Bronx Community Board 5,2020,32984.68
264,Manhattan Community Board 3,2024,52958.547
265,Brooklyn Community Board 18,2020,87142.02
266,Manhattan Community Board 5,2020,108032.06
267,Brooklyn Community Board 17,2024,64108.273
268,Brooklyn Community Board 1,2020,98348.55
269,Brooklyn Community Board 13,2024,42898.72
270,Bronx Community Board 6,2024,24636.107
271,Bronx Community Board 8,2024,77727.83
272,Brooklyn Community Board 3,2024,48600.86
273,Queens Community Board 6,2021,97950.06
274,Brooklyn Community Board 8,2021,80527.31
275,Queens Community Board 4,2021,69899.18
276,Manhattan Community Board 1,2021,63413.145
277,Queens Community Board 14,2021,56889.402
278,Bronx Community Board 5,2021,38438.875
279,Bronx Community Board 2,2021,12080.251
280,Manhattan Community Board 1,2019,187634.98
281,Manhattan Community Board 4,2019,139197.08
282,Brooklyn Community Board 10,2019,88634.99
283,Queens Community Board 7,2019,63589.523
284,Bronx Community Board 2,2019,29025.244
285,Manhattan Community Board 7,2017,148568.53
286,Manhattan Community Board 6,2017,134765.02
287,Queens Community Board 6,2017,90472.9
288,Brooklyn Community Board 5,2017,44112.24
289,Bronx Community Board 2,2017,25141.555
290,Staten Island Community Board 2,2016,100442.734
291,Brooklyn Community Board 1,2016,85205.1
292,Brooklyn Community Board 15,2016,73541.2
293,Queens Community Board 4,2016,51624.336
294,Bronx Community Board 7,2016,41644.008
295,Staten Island Community Board 3,2015,100356.98
296,Queens Community Board 6,2015,87657.88
297,Queens Community Board 10,2015,83181.805
298,Queens Community Board 2,2015,74405.14
299,Manhattan Community Board 12,2015,55991.7
300,Brooklyn Community Board 5,2015,43375.402
301,Bronx Community Board 5,2015,29884.154
302,Manhattan Community Board 2,2014,148718.2
303,Brooklyn Community Board 2,2014,104641.0
304,Staten Island Community Board 1,2014,71274.37
305,Brooklyn Community Board 10,2014,70153.32
306,Brooklyn Community Board 7,2014,59456.35
307,Manhattan Community Board 12,2014,55875.434
308,Manhattan Community Board 3,2014,51184.6
309,Brooklyn Community Board 5,2014,40827.906
310,Manhattan Community Board 11,2014,38778.84
311,Manhattan Community Board 8,2013,135013.67
312,Brooklyn Community Board 9,2013,58039.953
313,Manhattan Community Board 9,2013,57169.867
314,Brooklyn Community Board 14,2013,53047.62
315,Brooklyn Community Board 12,2013,50864.883
316,Brooklyn Community Board 5,2013,46316.37
317,Brooklyn Community Board 16,2013,35020.305
318,Manhattan Community Board 4,2012,109984.24
319,Manhattan Community Board 5,2012,109984.24
320,Brooklyn Community Board 2,2012,96554.27
321,Queens Community Board 11,2012,91916.57
322,Brooklyn Community Board 17,2012,61980.547
323,Brooklyn Community Board 15,2012,60351.36
324,Manhattan Community Board 9,2012,51515.754
325,Bronx Community Board 7,2012,38914.402
326,Brooklyn Community Board 16,2012,36154.47
327,Bronx Community Board 2,2012,24376.637
328,Staten Island Community Board 2,2011,92365.24
329,Brooklyn Community Board 10,2011,73495.22
330,Queens Community Board 4,2011,59326.777
331,Bronx Community Board 12,2011,56200.62
332,Manhattan Community Board 9,2011,51326.156
333,Brooklyn Community Board 9,2011,48674.45
334,Manhattan Community Board 1,2010,136517.34
335,Manhattan Community Board 7,2010,120317.445
336,Manhattan Community Board 5,2010,104066.75
337,Queens Community Board 2,2010,69775.32
338,Queens Community Board 14,2010,64066.992
339,Brooklyn Community Board 8,2010,51563.477
340,Brooklyn Community Board 2,2009,89948.695
341,Brooklyn Community Board 10,2009,71980.984
342,Brooklyn Community Board 17,2009,65057.668
343,Queens Community Board 4,2009,58872.64
344,Manhattan Community Board 8,2008,150473.86
345,Manhattan Community Board 6,2008,147263.19
346,Manhattan Community Board 2,2008,144366.62
347,Staten Island Community Board 2,2008,103024.01
348,Queens Community Board 7,2008,76761.01
349,Queens Community Board 9,2008,71271.055
350,Brooklyn Community Board 7,2008,59960.66
351,Brooklyn Community Board 14,2008,56541.047
352,Brooklyn Community Board 3,2008,52713.1
353,Manhattan Community Board 1,2006,138415.38
354,Queens Community Board 11,2006,98440.64
355,Brooklyn Community Board 7,2006,68378.25
356,Brooklyn Community Board 8,2006,56205.94
357,Bronx Community Board 9,2006,50524.652
358,Manhattan Community Board 10,2006,39402.81
359,Bronx Community Board 3,2006,26915.355
360,Brooklyn Community Board 7,2009,53220.598
361,Bronx Community Board 3,2021,16248.262
362,Brooklyn Community Board 16,2017,24287.754
363,Brooklyn Community Board 2,2019,129123.79
364,Brooklyn Community Board 3,2017,62244.71
365,Brooklyn Community Board 14,2015,61366.203
366,Brooklyn Community Board 12,2011,44681.29
367,Bronx Community Board 7,2018,40419.05
368,Brooklyn Community Board 4,2017,60744.566
369,Bronx Community Board 4,2017,37053.992
370,Queens Community Board 14,2015,64674.44
371,Staten Island Community Board 2,2013,86082.02
372,Bronx Community Board 11,2021,63224.645
373,Manhattan Community Board 1,2018,174332.97
374,Queens Community Board 9,2017,83840.35
375,Brooklyn Community Board 12,2016,55991.57
376,Bronx Community Board 9,2015,45461.434
377,Queens Community Board 10,2006,82600.44
378,Manhattan Community Board 7,2007,123170.55
379,Manhattan Community Board 12,2010,55039.273
380,Bronx Community Board 12,2021,67778.62
381,Manhattan Community Board 11,2008,41425.926
382,Manhattan Community Board 7,2006,132232.19
383,Brooklyn Community Board 9,2015,55860.707
384,Queens Community Board 9,2009,70980.28
385,Manhattan Community Board 1,2022,165381.89
386,Brooklyn Community Board 12,2022,68586.58
387,Manhattan Community Board 2,2022,165381.89
388,Bronx Community Board 2,2022,32861.05
389,Manhattan Community Board 6,2022,148225.12
390,Bronx Community Board 8,2022,79186.914
391,Staten Island Community Board 1,2022,84352.12
392,Bronx Community Board 10,2022,63774.38
393,Queens Community Board 1,2022,84270.09
394,Brooklyn Community Board 1,2022,98747.19
395,Bronx Community Board 6,2022,32309.748
396,Brooklyn Community Board 3,2022,73842.1
397,Brooklyn Community Board 13,2023,41428.0
398,Bronx Community Board 3,2023,30846.0
399,Queens Community Board 6,2023,91722.0
400,Manhattan Community Board 8,2023,159241.0
401,Bronx Community Board 12,2023,67973.0
402,Brooklyn Community Board 16,2023,41876.0
403,Manhattan Community Board 5,2023,144175.0
404,Bronx Community Board 3,2020,30630.059
405,Manhattan Community Board 1,2020,157050.05
406,Bronx Community Board 10,2024,63439.117
407,Manhattan Community Board 4,2024,115969.805
408,Brooklyn Community Board 8,2024,66647.51
409,Brooklyn Community Board 11,2024,67569.58
410,Bronx Community Board 7,2024,40693.08
411,Staten Island Community Board 2,2020,96218.03
412,Brooklyn Community Board 14,2020,64618.684
413,Manhattan Community Board 11,2024,40482.49
414,Queens Community Board 9,2024,73399.734
415,Queens Community Board 3,2020,67517.26
416,Queens Community Board 1,2024,75187.94
417,Queens Community Board 10,2024,80586.33
418,Bronx Community Board 1,2020,26503.383
419,Bronx Community Board 7,2020,40967.1
420,Bronx Community Board 5,2024,29799.652
421,Brooklyn Community Board 6,2021,159436.39
422,Brooklyn Community Board 4,2021,77752.414
423,Queens Community Board 7,2021,67082.414
424,Brooklyn Community Board 5,2021,58020.734
425,Bronx Community Board 8,2019,70899.664
426,Brooklyn Community Board 11,2019,66143.15
427,Manhattan Community Board 12,2019,61938.81
428,Staten Island Community Board 2,2018,106354.03
429,Brooklyn Community Board 8,2018,77089.08
430,Queens Community Board 4,2018,62797.85
431,Manhattan Community Board 10,2018,56138.812
432,Manhattan Community Board 8,2017,157507.05
433,Brooklyn Community Board 8,2017,72077.81
434,Brooklyn Community Board 14,2017,67871.164
435,Manhattan Community Board 9,2017,60015.477
436,Bronx Community Board 1,2017,25141.555
437,Manhattan Community Board 8,2016,143012.28
438,Bronx Community Board 8,2016,71275.67
439,Queens Community Board 3,2016,64897.21
440,Manhattan Community Board 3,2016,50380.92
441,Brooklyn Community Board 13,2016,47942.996
442,Bronx Community Board 9,2016,45794.836
443,Bronx Community Board 1,2016,33392.477
444,Brooklyn Community Board 2,2015,107084.68
445,Queens Community Board 5,2015,76983.02
446,Brooklyn Community Board 7,2015,55885.42
447,Brooklyn Community Board 4,2015,53377.98
448,Bronx Community Board 1,2015,30163.445
449,Manhattan Community Board 1,2014,148718.2
450,Manhattan Community Board 7,2014,131384.05
451,Manhattan Community Board 4,2014,121955.37
452,Queens Community Board 9,2014,75819.19
453,Queens Community Board 2,2014,70857.375
454,Queens Community Board 12,2014,65007.145
455,Brooklyn Community Board 14,2014,62258.97
456,Queens Community Board 14,2014,54739.535
457,Brooklyn Community Board 12,2014,53481.14
458,Bronx Community Board 9,2014,44616.7
459,Bronx Community Board 1,2014,26128.078
460,Queens Community Board 10,2013,78572.21
461,Queens Community Board 6,2013,77297.17
462,Manhattan Community Board 10,2013,46283.773
463,Bronx Community Board 3,2013,30414.12
464,Queens Community Board 8,2012,81732.23
465,Staten Island Community Board 1,2012,71870.414
466,Queens Community Board 1,2012,66105.79
467,Queens Community Board 12,2012,64660.168
468,Manhattan Community Board 11,2012,39539.05
469,Staten Island Community Board 1,2011,70460.055
470,Queens Community Board 5,2011,68133.31
471,Queens Community Board 1,2011,60724.125
472,Queens Community Board 14,2011,54938.46
473,Brooklyn Community Board 3,2011,42029.58
474,Brooklyn Community Board 16,2011,33492.117
475,Manhattan Community Board 8,2010,127638.016
476,Manhattan Community Board 6,2010,121813.38
477,Staten Island Community Board 2,2010,91889.42
478,Brooklyn Community Board 11,2010,51126.33
479,Brooklyn Community Board 12,2010,48313.6
480,Queens Community Board 11,2009,97991.0
481,Brooklyn Community Board 18,2009,86790.24
482,Queens Community Board 1,2009,64494.773
483,Bronx Community Board 10,2009,63103.86
484,Bronx Community Board 10,2008,79821.45
485,Bronx Community Board 11,2008,59519.55
486,Brooklyn Community Board 17,2008,59518.188
487,Queens Community Board 4,2008,57166.52
488,Brooklyn Community Board 1,2008,56330.734
489,Brooklyn Community Board 12,2008,54814.85
490,Brooklyn Community Board 9,2008,50986.91
491,Brooklyn Community Board 4,2008,49223.844
492,Bronx Community Board 4,2008,33826.027
493,Queens Community Board 6,2007,90047.06
494,Brooklyn Community Board 18,2007,86640.36
495,Queens Community Board 5,2007,71999.06
496,Bronx Community Board 12,2007,65944.75
497,Queens Community Board 5,2006,73645.19
498,Queens Community Board 3,2006,69738.02
499,Brooklyn Community Board 11,2006,56483.15
500,Brooklyn Community Board 9,2006,49825.797
501,Brooklyn Community Board 1,2006,47135.43
502,Bronx Community Board 7,2006,41241.13
503,Bronx Community Board 4,2006,35502.94
504,Bronx Community Board 5,2006,29715.148
505,Bronx Community Board 6,2006,26915.355
506,Manhattan Community Board 8,2021,143787.2
507,Queens Community Board 13,2011,97961.13
508,Bronx Community Board 10,2018,64667.656
509,Manhattan Community Board 8,2007,145932.03
510,Queens Community Board 7,2007,74253.64
511,Queens Community Board 10,2007,84937.72
512,Brooklyn Community Board 9,2019,77211.96
513,Manhattan Community Board 6,2007,137523.83
514,Queens Community Board 13,2007,106452.02
515,Brooklyn Community Board 6,2006,108263.984
516,Brooklyn Community Board 13,2006,40826.777
517,Brooklyn Community Board 7,2019,78566.336
518,Queens Community Board 10,2017,88607.01
519,Queens Community Board 10,2014,75412.09
520,Queens Community Board 4,2012,53115.62
521,Manhattan Community Board 2,2009,138403.73
522,Brooklyn Community Board 9,2007,55182.63
523,Bronx Community Board 8,2017,64737.76
524,Queens Community Board 12,2008,71413.086
525,Queens Community Board 7,2018,62560.156
526,Queens Community Board 3,2011,60598.04
527,Queens Community Board 9,2007,73881.9
528,Brooklyn Community Board 14,2018,73120.016
529,Staten Island Community Board 2,2017,97715.82
530,Queens Community Board 3,2022,80466.016
531,Queens Community Board 5,2022,89443.6
532,Queens Community Board 10,2022,97752.56
533,Manhattan Community Board 12,2022,62187.96
534,Manhattan Community Board 9,2022,61745.676
535,Manhattan Community Board 8,2022,148515.83
536,Brooklyn Community Board 3,2023,75184.0
537,Brooklyn Community Board 4,2023,78456.0
538,Bronx Community Board 4,2023,37937.0
539,Queens Community Board 7,2023,62308.0
540,Brooklyn Community Board 6,2023,159851.0
541,Staten Island Community Board 1,2023,72834.0
542,Bronx Community Board 9,2023,45603.0
543,Manhattan Community Board 7,2023,150017.0
544,Queens Community Board 9,2023,99326.0
545,Manhattan Community Board 5,2022,148225.12
546,Queens Community Board 14,2024,59853.703
547,Brooklyn Community Board 3,2020,60908.156
548,Queens Community Board 7,2020,63409.953
549,Queens Community Board 3,2024,73684.305
550,Brooklyn Community Board 13,2020,45303.67
551,Manhattan Community Board 7,2024,145344.08
552,Manhattan Community Board 12,2024,54207.93
553,Brooklyn Community Board 17,2020,58721.855
554,Manhattan Community Board 5,2024,136191.61
555,Bronx Community Board 11,2024,60820.086
556,Queens Community Board 2,2020,67993.36
557,Brooklyn Community Board 11,2020,60314.863
558,Brooklyn Community Board 2,2021,132803.27
559,Manhattan Community Board 9,2021,59036.4
560,Brooklyn Community Board 1,2019,113771.914
561,Queens Community Board 11,2019,107287.13
562,Queens Community Board 9,2019,89108.445
563,Queens Community Board 8,2019,83538.16
564,Manhattan Community Board 6,2018,158736.77
565,Queens Community Board 5,2018,90287.14
566,Queens Community Board 10,2018,88948.03
567,Brooklyn Community Board 18,2018,85901.516
568,Queens Community Board 8,2018,82743.2
569,Brooklyn Community Board 7,2018,73495.38
570,Manhattan Community Board 11,2018,38308.02
571,Bronx Community Board 3,2018,31147.697
572,Manhattan Community Board 2,2017,173731.66
573,Staten Island Community Board 3,2017,116073.734
574,Queens Community Board 14,2017,64768.94
575,Brooklyn Community Board 11,2017,64146.58
576,Bronx Community Board 9,2017,47972.33
577,Manhattan Community Board 11,2017,44093.05
578,Bronx Community Board 7,2017,42396.242
579,Manhattan Community Board 5,2016,124158.09
580,Queens Community Board 13,2016,98481.64
581,Queens Community Board 8,2016,81478.52
582,Brooklyn Community Board 10,2016,81390.49
583,Bronx Community Board 10,2016,72624.234
584,Bronx Community Board 12,2016,62819.96
585,Bronx Community Board 11,2016,62120.617
586,Brooklyn Community Board 16,2016,36931.99
587,Bronx Community Board 2,2016,33392.477
588,Bronx Community Board 3,2016,31558.531
589,Queens Community Board 11,2015,97902.68
590,Bronx Community Board 12,2015,58665.977
591,Bronx Community Board 11,2015,56295.707
592,Bronx Community Board 2,2015,30163.445
593,Brooklyn Community Board 1,2014,71541.64
594,Queens Community Board 1,2014,69624.97
595,Brooklyn Community Board 15,2014,65229.867
596,Manhattan Community Board 9,2014,52259.867
597,Bronx Community Board 3,2014,27272.635
598,Manhattan Community Board 2,2013,157105.56
599,Brooklyn Community Board 18,2013,83100.664
600,Brooklyn Community Board 15,2013,64020.223
601,Brooklyn Community Board 8,2013,48937.91
602,Bronx Community Board 2,2013,28939.738
603,Manhattan Community Board 1,2012,131143.3
604,Brooklyn Community Board 9,2012,49208.375
605,Manhattan Community Board 12,2012,46227.902
606,Bronx Community Board 9,2012,43063.86
607,Bronx Community Board 6,2012,26244.21
608,Manhattan Community Board 4,2011,107927.13
609,Queens Community Board 11,2011,100125.39
610,Queens Community Board 2,2011,65129.34
611,Queens Community Board 7,2011,64511.906
612,Brooklyn Community Board 1,2011,61097.184
613,Brooklyn Community Board 11,2011,57796.848
614,Brooklyn Community Board 7,2011,55301.12
615,Manhattan Community Board 3,2011,50905.004
616,Queens Community Board 11,2010,94239.6
617,Brooklyn Community Board 18,2010,78638.61
618,Bronx Community Board 8,2010,66898.43
619,Queens Community Board 12,2010,66530.8
620,Brooklyn Community Board 17,2010,57925.523
621,Brooklyn Community Board 5,2010,42197.535
622,Manhattan Community Board 6,2009,134198.34
623,Staten Island Community Board 3,2009,104635.586
624,Bronx Community Board 8,2009,70780.414
625,Brooklyn Community Board 9,2009,51009.812
626,Manhattan Community Board 12,2009,50431.965
627,Brooklyn Community Board 16,2009,35137.312
628,Bronx Community Board 1,2009,26155.496
629,Manhattan Community Board 5,2008,108341.89
630,Queens Community Board 11,2008,101056.09
631,Staten Island Community Board 1,2008,75948.44
632,Brooklyn Community Board 15,2008,63365.25
633,Bronx Community Board 7,2008,42858.5
634,Bronx Community Board 5,2008,36803.168
635,Manhattan Community Board 5,2007,112641.125
636,Brooklyn Community Board 7,2007,54752.715
637,Bronx Community Board 4,2007,35214.895
638,Bronx Community Board 1,2007,29550.773
639,Manhattan Community Board 2,2006,138415.38
640,Queens Community Board 4,2006,60435.54
641,Brooklyn Community Board 14,2006,58534.48
642,Manhattan Community Board 3,2006,53835.09
643,Brooklyn Community Board 4,2006,40635.652
644,Queens Community Board 13,2013,96392.664
645,Brooklyn Community Board 11,2007,58874.527
646,Manhattan Community Board 2,2018,174332.97
647,Brooklyn Community Board 12,2009,55712.824
648,Bronx Community Board 3,2008,28729.385
649,Brooklyn Community Board 17,2017,59177.266
650,Queens Community Board 6,2006,87663.12
651,Queens Community Board 4,2013,58284.43
652,Manhattan Community Board 1,2011,155808.67
653,Bronx Community Board 11,2019,67375.98
654,Queens Community Board 3,2015,66902.59
655,Bronx Community Board 12,2010,58786.453
656,Manhattan Community Board 7,2008,140671.16
657,Brooklyn Community Board 16,2006,33520.18
658,Brooklyn Community Board 13,2015,49780.562
659,Staten Island Community Board 1,2009,76359.04
660,Bronx Community Board 6,2009,31859.209
661,Manhattan Community Board 2,2016,167757.1
662,Brooklyn Community Board 3,2013,46632.31
663,Queens Community Board 9,2006,76920.61
664,Bronx Community Board 6,2017,31144.541
665,Queens Community Board 14,2012,62382.11
666,Queens Community Board 10,2008,79018.445
667,Queens Community Board 3,2012,54965.35
668,Bronx Community Board 8,2018,64273.457
669,Brooklyn Community Board 9,2022,80067.336
670,Brooklyn Community Board 6,2022,162417.75
671,Queens Community Board 2,2022,84270.09
672,Brooklyn Community Board 7,2022,86382.9
673,Manhattan Community Board 7,2022,145617.1
674,Brooklyn Community Board 10,2022,84413.375
675,Queens Community Board 1,2023,84590.0
676,Manhattan Community Board 1,2023,198945.0
677,Brooklyn Community Board 8,2023,91506.0
678,Brooklyn Community Board 14,2023,79319.0
679,Manhattan Community Board 9,2023,54508.0
680,Manhattan Community Board 4,2022,114323.766
681,Manhattan Community Board 2,2024,158348.56
682,Bronx Community Board 9,2020,48938.67
683,Queens Community Board 11,2020,104331.55
684,Bronx Community Board 4,2020,39910.207
685,Brooklyn Community Board 6,2024,171066.28
686,Brooklyn Community Board 5,2024,47717.977
687,Brooklyn Community Board 4,2024,42643.953
688,Manhattan Community Board 6,2024,133096.03
689,Manhattan Community Board 6,2020,131993.7
690,Brooklyn Community Board 9,2024,71087.86
691,Manhattan Community Board 11,2020,44816.938
692,Queens Community Board 7,2024,63460.53
693,Brooklyn Community Board 15,2020,63367.875
694,Brooklyn Community Board 8,2020,71878.586
695,Bronx Community Board 10,2020,72000.266
696,Queens Community Board 14,2020,66300.5
697,Manhattan Community Board 4,2020,91241.3
698,Queens Community Board 5,2021,76809.45
699,Brooklyn Community Board 3,2021,75588.89
700,Brooklyn Community Board 14,2021,72811.78
701,Queens Community Board 3,2021,72550.7
702,Manhattan Community Board 4,2021,68158.836
703,Manhattan Community Board 10,2021,49824.906
704,Manhattan Community Board 11,2021,45540.824
705,Bronx Community Board 7,2021,41472.652
706,Brooklyn Community Board 6,2019,179714.81
707,Queens Community Board 1,2019,91657.445
708,Queens Community Board 5,2019,84250.07
709,Queens Community Board 12,2019,76104.16
710,Brooklyn Community Board 3,2019,70827.89
711,Brooklyn Community Board 12,2019,63749.27
712,Brooklyn Community Board 5,2019,53238.414
713,Bronx Community Board 7,2019,47849.863
714,Bronx Community Board 1,2019,29025.244
715,Manhattan Community Board 4,2018,118942.55
716,Bronx Community Board 5,2018,35848.68
717,Bronx Community Board 6,2018,31147.697
718,Bronx Community Board 1,2018,30275.75
719,Bronx Community Board 10,2017,71376.305
720,Brooklyn Community Board 7,2017,68096.6
721,Queens Community Board 5,2016,91340.26
722,Queens Community Board 12,2016,73470.3
723,Queens Community Board 7,2016,62409.156
724,Brooklyn Community Board 6,2015,137754.81
725,Staten Island Community Board 2,2015,91293.61
726,Brooklyn Community Board 18,2015,85386.48
727,Brooklyn Community Board 17,2015,62189.246
728,Brooklyn Community Board 11,2015,61825.918
729,Manhattan Community Board 3,2015,52234.863
730,Bronx Community Board 6,2015,29719.793
731,Queens Community Board 7,2014,64472.605
732,Bronx Community Board 6,2014,27272.635
733,Manhattan Community Board 4,2013,126168.63
734,Queens Community Board 2,2013,77525.35
735,Brooklyn Community Board 17,2013,53491.438
736,Manhattan Community Board 12,2013,46967.055
737,Manhattan Community Board 8,2012,126619.05
738,Brooklyn Community Board 6,2012,111092.04
739,Queens Community Board 13,2012,93058.78
740,Bronx Community Board 8,2012,70060.2
741,Brooklyn Community Board 10,2012,66804.375
742,Bronx Community Board 10,2012,65439.066
743,Queens Community Board 5,2012,64846.29
744,Brooklyn Community Board 14,2012,52354.57
745,Brooklyn Community Board 4,2012,44652.254
746,Brooklyn Community Board 5,2012,42938.93
747,Manhattan Community Board 5,2011,107927.13
748,Manhattan Community Board 11,2011,40165.586
749,Bronx Community Board 3,2011,29077.803
750,Bronx Community Board 2,2011,27486.777
751,Brooklyn Community Board 6,2010,110879.32
752,Queens Community Board 9,2010,76403.41
753,Bronx Community Board 10,2010,63136.547
754,Brooklyn Community Board 14,2010,57577.945
755,Brooklyn Community Board 1,2010,55984.42
756,Brooklyn Community Board 14,2009,54891.6
757,Brooklyn Community Board 13,2009,44314.918
758,Brooklyn Community Board 3,2009,41005.543
759,Staten Island Community Board 3,2008,123984.16
760,Brooklyn Community Board 6,2008,111060.914
761,Queens Community Board 2,2008,74179.91
762,Queens Community Board 1,2008,71103.08
763,Bronx Community Board 9,2008,54813.49
764,Manhattan Community Board 12,2008,51729.83
765,Manhattan Community Board 9,2008,51311.938
766,Manhattan Community Board 2,2007,148940.03
767,Bronx Community Board 8,2007,72658.836
768,Bronx Community Board 9,2007,47622.9
769,Manhattan Community Board 3,2007,45457.707
770,Manhattan Community Board 10,2007,44312.68
771,Manhattan Community Board 4,2006,106079.88
772,Bronx Community Board 11,2006,61433.484
773,Manhattan Community Board 12,2006,47398.047
774,Brooklyn Community Board 3,2006,40265.07
775,Bronx Community Board 2,2006,26031.21
776,Queens Community Board 14,2009,70218.88
777,Brooklyn Community Board 12,2021,63621.215
778,Manhattan Community Board 5,2018,118942.55
779,Manhattan Community Board 7,2016,136042.06
780,Queens Community Board 8,2015,77069.53
781,Bronx Community Board 11,2014,59281.883
782,Manhattan Community Board 5,2013,126168.63
783,Queens Community Board 2,2012,63543.45
784,Staten Island Community Board 3,2010,109185.53
785,Bronx Community Board 3,2010,27506.938
786,Bronx Community Board 6,2010,27506.938
787,Brooklyn Community Board 5,2009,45344.17
788,Queens Community Board 13,2008,102285.19
789,Queens Community Board 6,2008,90812.28
790,Manhattan Community Board 6,2006,130891.38
791,Queens Community Board 14,2006,63569.438
792,Staten Island Community Board 1,2021,80115.32
793,Manhattan Community Board 1,2017,173731.66
794,Brooklyn Community Board 3,2012,48572.25
795,Manhattan Community Board 7,2011,119794.83
796,Brooklyn Community Board 6,2011,113468.42
797,Brooklyn Community Board 4,2009,43209.527
798,Manhattan Community Board 1,2008,144366.62
799,Queens Community Board 12,2006,71348.74
800,Queens Community Board 5,2010,71200.4
801,Brooklyn Community Board 5,2018,48683.133
802,Brooklyn Community Board 8,2009,52251.168
803,Brooklyn Community Board 6,2009,122722.945
804,Brooklyn Community Board 3,2014,42909.145
805,Queens Community Board 1,2013,63889.836
806,Brooklyn Community Board 2,2011,80649.63
807,Brooklyn Community Board 17,2011,58011.324
808,Bronx Community Board 5,2019,37071.605
809,Queens Community Board 8,2010,73840.67
810,Brooklyn Community Board 16,2018,38182.11
811,Bronx Community Board 7,2022,43215.33
812,Bronx Community Board 4,2022,44605.52
813,Queens Community Board 8,2022,81072.34
814,Brooklyn Community Board 15,2022,63370.504
815,Queens Community Board 4,2022,66475.85
816,Bronx Community Board 9,2022,48697.188
817,Queens Community Board 11,2023,107607.0
818,Manhattan Community Board 10,2023,48977.0
819,Manhattan Community Board 11,2023,45233.0
820,Manhattan Community Board 2,2023,198945.0
821,Brooklyn Community Board 7,2023,87149.0
822,Queens Community Board 4,2020,60261.82
823,Bronx Community Board 11,2020,56643.047
824,Manhattan Community Board 12,2020,57504.496
825,Bronx Community Board 12,2020,55770.016
826,Queens Community Board 8,2020,79763.625
827,Queens Community Board 12,2020,71707.26
828,Queens Community Board 13,2020,104923.266
829,Manhattan Community Board 9,2024,55631.195
830,Brooklyn Community Board 5,2020,52597.543
831,Staten Island Community Board 2,2024,93239.15
832,Brooklyn Community Board 18,2024,81439.375
833,Manhattan Community Board 3,2020,47886.73
834,Bronx Community Board 3,2024,28613.365
835,Brooklyn Community Board 16,2024,40178.234
836,Queens Community Board 9,2021,82847.266
837,Brooklyn Community Board 16,2021,42174.363
838,Queens Community Board 6,2019,103210.125
839,Queens Community Board 14,2019,63706.438
840,Brooklyn Community Board 6,2018,144319.62
841,Queens Community Board 13,2018,107561.34
842,Queens Community Board 11,2018,101595.39
843,Queens Community Board 9,2018,84483.57
844,Queens Community Board 2,2018,83618.68
845,Queens Community Board 3,2018,72042.14
846,Bronx Community Board 4,2018,39279.99
847,Manhattan Community Board 12,2017,67610.945
848,Brooklyn Community Board 12,2017,54398.62
849,Manhattan Community Board 4,2016,124158.09
850,Queens Community Board 9,2016,81342.81
851,Manhattan Community Board 9,2016,59950.45
852,Queens Community Board 14,2016,54239.543
853,Manhattan Community Board 1,2015,150955.64
854,Brooklyn Community Board 10,2015,79558.44
855,Queens Community Board 12,2015,72065.77
856,Queens Community Board 1,2015,71278.56
857,Bronx Community Board 10,2015,62852.87
858,Queens Community Board 7,2015,62657.613
859,Queens Community Board 4,2015,54047.785
860,Manhattan Community Board 11,2015,37146.96
861,Bronx Community Board 3,2015,29719.793
862,Manhattan Community Board 8,2014,142590.81
863,Brooklyn Community Board 6,2014,139877.28
864,Staten Island Community Board 3,2014,102351.88
865,Brooklyn Community Board 8,2014,55562.38
866,Bronx Community Board 7,2014,43920.066
867,Bronx Community Board 2,2014,26128.078
868,Staten Island Community Board 1,2013,76127.445
869,Bronx Community Board 8,2013,75993.3
870,Queens Community Board 5,2013,73423.164
871,Brooklyn Community Board 11,2013,59266.098
872,Queens Community Board 14,2013,58587.832
873,Brooklyn Community Board 4,2013,54354.0
874,Bronx Community Board 11,2013,54004.21
875,Manhattan Community Board 3,2013,50315.754
876,Brooklyn Community Board 13,2013,38677.42
877,Staten Island Community Board 3,2012,104612.25
878,Brooklyn Community Board 7,2012,52802.023
879,Bronx Community Board 12,2012,52753.58
880,Bronx Community Board 4,2012,34362.11
881,Manhattan Community Board 8,2011,136767.06
882,Manhattan Community Board 6,2011,131997.89
883,Brooklyn Community Board 18,2011,77492.28
884,Bronx Community Board 8,2011,71646.82
885,Bronx Community Board 10,2011,69459.164
886,Brooklyn Community Board 8,2011,52658.51
887,Manhattan Community Board 12,2011,48849.93
888,Bronx Community Board 9,2011,46577.78
889,Brooklyn Community Board 13,2011,36533.785
890,Manhattan Community Board 2,2010,136517.34
891,Manhattan Community Board 4,2010,104066.75
892,Brooklyn Community Board 2,2010,95974.83
893,Staten Island Community Board 1,2010,79328.42
894,Queens Community Board 1,2010,62196.746
895,Brooklyn Community Board 16,2010,35074.82
896,Bronx Community Board 5,2010,34292.766
897,Manhattan Community Board 1,2009,138403.73
898,Manhattan Community Board 5,2009,111174.12
899,Staten Island Community Board 2,2009,95184.69
900,Brooklyn Community Board 1,2009,53341.605
901,Bronx Community Board 5,2009,32949.645
902,Brooklyn Community Board 18,2008,85249.945
903,Bronx Community Board 8,2008,77341.414
904,Queens Community Board 14,2008,63045.684
905,Brooklyn Community Board 8,2008,53339.94
906,Staten Island Community Board 3,2007,111227.93
907,Brooklyn Community Board 6,2007,108251.15
908,Queens Community Board 8,2007,78454.914
909,Queens Community Board 2,2007,75591.63
910,Brooklyn Community Board 15,2007,64269.062
911,Bronx Community Board 11,2007,62905.53
912,Bronx Community Board 6,2007,29310.984
913,Queens Community Board 13,2006,96355.75
914,Bronx Community Board 12,2006,66560.36
915,Brooklyn Community Board 15,2006,61874.098
916,Brooklyn Community Board 14,2011,52605.215
917,Brooklyn Community Board 17,2018,68350.78
918,Queens Community Board 6,2016,86276.125
919,Brooklyn Community Board 8,2016,63441.06
920,Queens Community Board 6,2011,85663.18
921,Brooklyn Community Board 10,2010,64659.215
922,Manhattan Community Board 8,2009,134356.08
923,Brooklyn Community Board 10,2018,85196.66
924,Brooklyn Community Board 10,2017,82357.0
925,Bronx Community Board 5,2017,36173.812
926,Manhattan Community Board 6,2016,134979.6
927,Brooklyn Community Board 16,2014,31254.457
928,Bronx Community Board 5,2014,25826.162
929,Brooklyn Community Board 10,2013,73494.625
930,Brooklyn Community Board 4,2007,44738.34
931,Brooklyn Community Board 16,2007,35891.695
932,Bronx Community Board 5,2007,34217.43
933,Brooklyn Community Board 17,2007,61127.688
934,Queens Community Board 12,2011,65020.152
935,Queens Community Board 7,2010,69651.0
936,Brooklyn Community Board 8,2007,50398.207
937,Bronx Community Board 12,2014,55564.855
938,Bronx Community Board 3,2007,29310.984
939,Manhattan Community Board 10,2008,45281.184
940,Brooklyn Community Board 6,2016,126998.266
941,Manhattan Community Board 9,2015,60162.53
942,Brooklyn Community Board 18,2019,93151.88
943,Brooklyn Community Board 8,2022,81602.88
944,Brooklyn Community Board 5,2022,56511.953
945,Brooklyn Community Board 2,2022,136233.56
946,Queens Community Board 6,2022,93961.984
947,Bronx Community Board 5,2022,33274.266
948,Brooklyn Community Board 16,2022,36785.562
949,Staten Island Community Board 2,2022,95241.086
950,Queens Community Board 11,2022,103064.16
951,Queens Community Board 9,2022,84951.17
952,Brooklyn Community Board 10,2023,88566.0
953,Brooklyn Community Board 18,2023,88188.0
954,Manhattan Community Board 3,2023,54482.0
955,Bronx Community Board 1,2023,33940.0
956,Queens Community Board 5,2023,83966.0
957,Staten Island Community Board 3,2023,112515.0
958,Queens Community Board 10,2023,89142.0
959,Brooklyn Community Board 16,2020,36785.562
960,Brooklyn Community Board 12,2024,52334.543
961,Bronx Community Board 2,2024,28201.914
962,Queens Community Board 1,2020,71603.28
963,Bronx Community Board 8,2020,74537.664
964,Staten Island Community Board 3,2020,112516.44
965,Queens Community Board 13,2024,99655.945
966,Bronx Community Board 12,2024,62641.89
967,Manhattan Community Board 10,2020,52055.344
968,Queens Community Board 9,2020,81674.56
969,Staten Island Community Board 3,2024,112517.88
970,Brooklyn Community Board 2,2020,121293.25
971,Brooklyn Community Board 10,2024,84839.68
972,Brooklyn Community Board 6,2020,126998.266
973,Brooklyn Community Board 12,2020,50270.465
974,Queens Community Board 4,2024,55027.805
975,Bronx Community Board 4,2024,36025.93
976,Manhattan Community Board 8,2024,138780.1
977,Manhattan Community Board 6,2021,129542.555
978,Brooklyn Community Board 18,2021,84095.37
979,Brooklyn Community Board 10,2021,81113.36
980,Queens Community Board 1,2021,81009.81
981,Brooklyn Community Board 7,2021,64818.645
982,Brooklyn Community Board 11,2021,61663.69
983,Brooklyn Community Board 13,2021,45761.14
984,Manhattan Community Board 5,2021,34112.758
985,Manhattan Community Board 2,2019,187634.98
986,Staten Island Community Board 1,2019,87027.11
987,Brooklyn Community Board 15,2019,86965.76
988,Bronx Community Board 12,2019,69718.93
989,Manhattan Community Board 3,2019,47810.504
990,Bronx Community Board 4,2019,37689.754
991,Manhattan Community Board 11,2019,37514.96
992,Manhattan Community Board 7,2018,143350.02
993,Manhattan Community Board 8,2018,143204.1
994,Queens Community Board 6,2018,95870.66
995,Queens Community Board 12,2018,75581.7
996,Queens Community Board 14,2018,71367.88
997,Brooklyn Community Board 3,2018,64714.727
998,Brooklyn Community Board 11,2018,64081.652
999,Brooklyn Community Board 13,2018,46796.855
1000,Bronx Community Board 2,2018,30275.75
1001,Manhattan Community Board 4,2017,122291.37
1002,Manhattan Community Board 5,2017,122291.37
1003,Queens Community Board 13,2017,102956.14
1004,Brooklyn Community Board 18,2017,91911.89
1005,Manhattan Community Board 10,2017,58829.508
1006,Bronx Community Board 11,2017,57581.188
1007,Bronx Community Board 3,2017,31144.541
1008,Brooklyn Community Board 2,2016,106352.93
1009,Queens Community Board 11,2016,96728.39
1010,Queens Community Board 1,2016,73854.2
1011,Brooklyn Community Board 7,2016,65123.4
1012,Manhattan Community Board 12,2016,63614.67
1013,Brooklyn Community Board 3,2016,62885.984
1014,Brooklyn Community Board 11,2016,62455.617
1015,Brooklyn Community Board 9,2016,62108.39
1016,Brooklyn Community Board 14,2016,61924.996
1017,Brooklyn Community Board 5,2016,46313.23
1018,Bronx Community Board 4,2016,38511.63
1019,Bronx Community Board 5,2016,32541.525
1020,Bronx Community Board 6,2016,31558.531
1021,Manhattan Community Board 2,2015,150955.64
1022,Brooklyn Community Board 15,2015,67238.734
1023,Manhattan Community Board 10,2015,56900.016
1024,Brooklyn Community Board 3,2015,48868.54
1025,Bronx Community Board 4,2015,32287.79
1026,Staten Island Community Board 2,2014,88420.45
1027,Queens Community Board 5,2014,78770.29
1028,Bronx Community Board 10,2014,68007.74
1029,Queens Community Board 4,2014,56007.83
1030,Brooklyn Community Board 9,2014,51738.94
1031,Brooklyn Community Board 13,2014,36598.613
1032,Brooklyn Community Board 2,2013,95333.266
1033,Queens Community Board 9,2013,78397.945
1034,Queens Community Board 3,2013,61659.457
1035,Bronx Community Board 12,2013,57211.242
1036,Manhattan Community Board 11,2013,33776.61
1037,Bronx Community Board 4,2013,33082.047
1038,Manhattan Community Board 7,2012,117049.16
1039,Bronx Community Board 11,2012,54361.098
1040,Brooklyn Community Board 12,2012,48206.387
1041,Manhattan Community Board 10,2012,46964.734
1042,Bronx Community Board 11,2011,52962.676
1043,Bronx Community Board 5,2011,33732.59
1044,Bronx Community Board 4,2011,29700.436
1045,Bronx Community Board 1,2011,27486.777
1046,Brooklyn Community Board 7,2010,54011.24
1047,Brooklyn Community Board 3,2010,49443.24
1048,Manhattan Community Board 11,2010,40872.72
1049,Queens Community Board 10,2009,84355.12
1050,Queens Community Board 2,2009,74947.73
1051,Bronx Community Board 12,2009,62768.027
1052,Manhattan Community Board 10,2009,42793.477
1053,Bronx Community Board 3,2009,31859.209
1054,Brooklyn Community Board 2,2008,84918.09
1055,Queens Community Board 5,2008,73503.91
1056,Queens Community Board 3,2008,65518.895
1057,Manhattan Community Board 3,2008,49898.477
1058,Queens Community Board 11,2007,99461.26
1059,Staten Island Community Board 2,2007,97020.805
1060,Brooklyn Community Board 2,2007,90872.84
1061,Staten Island Community Board 1,2007,79450.95
1062,Queens Community Board 1,2007,65909.27
1063,Queens Community Board 14,2007,59646.39
1064,Queens Community Board 7,2006,73880.086
1065,Bronx Community Board 8,2006,71733.914
1066,Brooklyn Community Board 17,2006,60552.258
1067,Brooklyn Community Board 5,2006,40949.332
1068,Manhattan Community Board 11,2016,42086.598
1069,Bronx Community Board 5,2013,30416.627
1070,Bronx Community Board 9,2018,51156.594
1071,Brooklyn Community Board 15,2018,72608.14
1072,Manhattan Community Board 2,2021,93610.77
1073,Manhattan Community Board 5,2019,139197.08
1074,Brooklyn Community Board 8,2019,86157.766
1075,Queens Community Board 7,2017,61497.637
1076,Manhattan Community Board 7,2009,143804.25
1077,Brooklyn Community Board 10,2007,69848.055
1078,Queens Community Board 4,2007,63258.83
1079,Queens Community Board 10,2019,97535.66
1080,Manhattan Community Board 1,2016,167757.1
1081,Staten Island Community Board 1,2016,80173.98
1082,Queens Community Board 8,2014,68455.664
1083,Manhattan Community Board 7,2013,124461.06
1084,Manhattan Community Board 11,2007,43555.004
1085,Manhattan Community Board 12,2021,60275.688
1086,Brooklyn Community Board 10,2008,74891.42
1087,Brooklyn Community Board 5,2007,45928.77
1088,Brooklyn Community Board 1,2015,82930.94
1089,Manhattan Community Board 7,2019,158282.16
1090,Queens Community Board 2,2016,76139.3
1091,Brooklyn Community Board 11,2022,61477.81
1092,Manhattan Community Board 10,2022,51993.57
1093,Manhattan Community Board 11,2022,36929.875
1094,Bronx Community Board 1,2022,32861.05
1095,Staten Island Community Board 3,2022,112519.32
1096,Brooklyn Community Board 14,2022,74078.82
1097,Queens Community Board 7,2022,73203.59
1098,Brooklyn Community Board 13,2022,44795.516
1099,Brooklyn Community Board 9,2023,67767.0
1100,Bronx Community Board 6,2023,30846.0
1101,Bronx Community Board 8,2023,75218.0
1102,Staten Island Community Board 2,2023,96471.0
1103,Queens Community Board 2,2023,93817.0
1104,Queens Community Board 14,2023,52797.0
1105,Bronx Community Board 10,2023,71021.0
1106,Queens Community Board 4,2023,70784.0
1107,Manhattan Community Board 8,2020,143204.1
1108,Bronx Community Board 1,2024,32861.05
1109,Queens Community Board 2,2024,93817.0
1110,Brooklyn Community Board 15,2024,72608.14
1111,Staten Island Community Board 1,2024,80173.98
1112,Brooklyn Community Board 2,2024,90872.84
1113,Brooklyn Community Board 7,2020,54011.24
1114,Brooklyn Community Board 1,2024,82930.94
1115,Brooklyn Community Board 7,2024,54011.24
1116,Staten Island Community Board 1,2020,80173.98
1117,Brooklyn Community Board 4,2020,44738.34
1118,Bronx Community Board 2,2020,30275.75
1119,Bronx Community Board 9,2024,51156.594
1120,Queens Community Board 11,2024,99461.26
