,community_board,year,rent
0,Manhattan Community Board 7,2021,2157.0
1,Brooklyn Community Board 1,2021,2249.0
2,Brooklyn Community Board 17,2021,1385.0
3,Bronx Community Board 9,2021,1179.0
4,Bronx Community Board 1,2021,599.0
5,Staten Island Community Board 2,2019,1297.7747
6,Queens Community Board 2,2019,1830.5454
7,Brooklyn Community Board 14,2019,1473.2633
8,Manhattan Community Board 10,2019,1168.5227
9,Bronx Community Board 6,2019,1031.9148
10,Brooklyn Community Board 2,2018,2174.8528
11,Manhattan Community Board 9,2018,1538.2063
12,Brooklyn Community Board 12,2018,1525.388
13,Manhattan Community Board 3,2018,1156.8594
14,Queens Community Board 11,2017,1833.1531
15,Queens Community Board 1,2017,1704.7017
16,Brooklyn Community Board 15,2017,1408.6105
17,Brooklyn Community Board 9,2017,1283.4248
18,Manhattan Community Board 3,2017,1127.7593
19,Queens Community Board 10,2016,1530.5216
20,Manhattan Community Board 4,2015,2348.0
21,Manhattan Community Board 5,2015,2348.0
22,Queens Community Board 13,2015,1566.0812
23,Queens Community Board 9,2015,1468.4816
24,Brooklyn Community Board 8,2015,1247.4801
25,Brooklyn Community Board 12,2015,1363.0292
26,Bronx Community Board 7,2015,1204.8505
27,Brooklyn Community Board 16,2015,900.83325
28,Queens Community Board 11,2014,1607.3689
29,Queens Community Board 6,2014,1620.8478
30,Queens Community Board 3,2014,1432.1421
31,Brooklyn Community Board 17,2014,1220.9713
32,Manhattan Community Board 10,2014,981.71936
33,Brooklyn Community Board 6,2013,2063.385
34,Staten Island Community Board 3,2013,1174.5247
35,Queens Community Board 8,2013,1358.8977
36,Bronx Community Board 10,2013,1205.2535
37,Queens Community Board 7,2013,1388.4885
38,Brooklyn Community Board 7,2013,1332.7213
39,Bronx Community Board 7,2013,1113.067
40,Bronx Community Board 1,2013,827.4026
41,Brooklyn Community Board 18,2012,1283.3706
42,Queens Community Board 10,2012,1390.9933
43,Queens Community Board 9,2012,1418.7668
44,Queens Community Board 7,2012,1401.4083
45,Brooklyn Community Board 11,2012,1250.9681
46,Brooklyn Community Board 8,2012,1121.3582
47,Queens Community Board 10,2011,1354.6204
48,Queens Community Board 9,2011,1385.2999
49,Bronx Community Board 7,2011,1120.9838
50,Brooklyn Community Board 5,2011,1151.6633
51,Bronx Community Board 6,2011,879.0873
52,Queens Community Board 13,2010,1474.4758
53,Queens Community Board 3,2010,1356.7605
54,Manhattan Community Board 3,2010,1060.6517
55,Brooklyn Community Board 9,2010,1100.6992
56,Brooklyn Community Board 4,2010,1202.6383
57,Brooklyn Community Board 13,2010,956.2856
58,Bronx Community Board 7,2010,1103.1263
59,Bronx Community Board 2,2010,728.1362
60,Queens Community Board 13,2009,1461.3607
61,Queens Community Board 12,2009,1209.5723
62,Queens Community Board 8,2009,1404.5848
63,Queens Community Board 5,2009,1330.5294
64,Queens Community Board 7,2009,1444.081
65,Manhattan Community Board 3,2009,1013.3253
66,Bronx Community Board 9,2009,1046.6503
67,Bronx Community Board 4,2009,963.955
68,Manhattan Community Board 11,2009,835.5922
69,Queens Community Board 8,2008,1321.5386
70,Brooklyn Community Board 11,2008,1095.91
71,Brooklyn Community Board 13,2008,865.3226
72,Bronx Community Board 6,2008,834.32965
73,Bronx Community Board 1,2008,730.1934
74,Bronx Community Board 2,2008,730.1934
75,Manhattan Community Board 4,2007,1751.7057
76,Bronx Community Board 10,2007,1063.9036
77,Manhattan Community Board 9,2007,1052.3114
78,Brooklyn Community Board 14,2007,1129.5925
79,Manhattan Community Board 12,2007,1014.95886
80,Bronx Community Board 7,2007,1023.975
81,Staten Island Community Board 3,2006,1190.6678
82,Staten Island Community Board 2,2006,1219.8054
83,Brooklyn Community Board 18,2006,1214.5077
84,Staten Island Community Board 1,2006,1116.4994
85,Queens Community Board 1,2006,1266.1608
86,Brooklyn Community Board 12,2006,1149.6104
87,Bronx Community Board 1,2006,712.5465
88,Brooklyn Community Board 4,2016,1419.5338
89,Manhattan Community Board 6,2015,2643.0425
90,Bronx Community Board 6,2013,925.2796
91,Manhattan Community Board 10,2011,897.967
92,Manhattan Community Board 6,2019,2849.8503
93,Staten Island Community Board 3,2019,1391.2986
94,Brooklyn Community Board 16,2019,1066.5922
95,Queens Community Board 1,2018,1736.8914
96,Manhattan Community Board 4,2008,1806.268
97,Queens Community Board 3,2007,1335.6755
98,Brooklyn Community Board 10,2006,1240.9965
99,Manhattan Community Board 8,2019,2404.2983
100,Staten Island Community Board 1,2018,1173.9506
101,Staten Island Community Board 3,2016,1235.2942
102,Brooklyn Community Board 12,2007,1141.1847
103,Brooklyn Community Board 4,2011,1222.4623
104,Brooklyn Community Board 17,2019,1377.6378
105,Bronx Community Board 4,2010,1001.1873
106,Queens Community Board 8,2021,1584.0
107,Brooklyn Community Board 18,2014,1286.1198
108,Queens Community Board 4,2019,1618.2778
109,Bronx Community Board 11,2010,1135.8925
110,Manhattan Community Board 5,2014,2246.4973
111,Bronx Community Board 3,2019,1031.9148
112,Queens Community Board 12,2022,1265.4292
113,Manhattan Community Board 3,2022,1078.9141
114,Queens Community Board 13,2022,1541.1804
115,Queens Community Board 14,2022,1263.0
116,Brooklyn Community Board 17,2022,1351.416
117,Bronx Community Board 11,2022,1139.47
118,Queens Community Board 8,2023,1556.7426
119,Bronx Community Board 2,2023,750.8021
120,Queens Community Board 3,2023,1482.7562
121,Queens Community Board 12,2023,1321.2861
122,Bronx Community Board 11,2023,1143.0476
123,Brooklyn Community Board 15,2023,1424.3052
124,Bronx Community Board 5,2023,1046.1381
125,Manhattan Community Board 12,2023,1166.024
126,Queens Community Board 6,2024,1571.6526
127,Queens Community Board 10,2020,1531.8102
128,Brooklyn Community Board 10,2020,1439.62
129,Queens Community Board 5,2024,1390.3021
130,Bronx Community Board 6,2020,714.6398
131,Manhattan Community Board 9,2020,1293.2615
132,Manhattan Community Board 10,2024,962.302
133,Brooklyn Community Board 9,2020,1254.8496
134,Queens Community Board 12,2024,1377.1431
135,Queens Community Board 8,2024,1529.485
136,Manhattan Community Board 7,2020,2039.3513
137,Brooklyn Community Board 14,2024,1187.9089
138,Queens Community Board 5,2020,1450.0748
139,Manhattan Community Board 2,2020,2359.9658
140,Queens Community Board 6,2020,1522.4574
141,Manhattan Community Board 1,2024,2327.4502
142,Queens Community Board 13,2021,1621.0
143,Queens Community Board 11,2021,2013.0
144,Queens Community Board 10,2021,1709.0
145,Staten Island Community Board 2,2021,1398.0
146,Queens Community Board 2,2021,1778.0
147,Queens Community Board 12,2021,1433.0
148,Brooklyn Community Board 15,2021,1440.0
149,Brooklyn Community Board 9,2021,1409.0
150,Bronx Community Board 10,2021,1307.0
151,Bronx Community Board 4,2021,1119.0
152,Queens Community Board 13,2019,1746.479
153,Manhattan Community Board 9,2019,1534.2114
154,Queens Community Board 3,2019,1629.8369
155,Bronx Community Board 10,2019,1213.7084
156,Brooklyn Community Board 13,2019,1084.4563
157,Staten Island Community Board 3,2018,1292.5206
158,Brooklyn Community Board 1,2018,1913.1442
159,Brooklyn Community Board 9,2018,1458.0914
160,Manhattan Community Board 12,2018,1317.0892
161,Bronx Community Board 12,2018,1337.385
162,Brooklyn Community Board 6,2017,2340.427
163,Brooklyn Community Board 2,2017,1986.6415
164,Brooklyn Community Board 1,2017,2016.033
165,Queens Community Board 5,2017,1509.8475
166,Queens Community Board 2,2017,1611.0846
167,Queens Community Board 8,2017,1502.2275
168,Staten Island Community Board 1,2017,1157.1506
169,Bronx Community Board 12,2017,1383.5734
170,Queens Community Board 3,2017,1547.9475
171,Queens Community Board 4,2017,1508.7589
172,Brooklyn Community Board 13,2017,1041.7621
173,Brooklyn Community Board 18,2016,1399.556
174,Manhattan Community Board 10,2016,1026.6371
175,Manhattan Community Board 8,2015,2217.8672
176,Manhattan Community Board 7,2015,1921.7028
177,Staten Island Community Board 1,2015,1184.6575
178,Manhattan Community Board 6,2014,2246.4973
179,Queens Community Board 13,2014,1495.044
180,Brooklyn Community Board 11,2014,1276.0105
181,Brooklyn Community Board 4,2014,1261.4082
182,Manhattan Community Board 6,2013,2276.2107
183,Queens Community Board 11,2013,1630.9049
184,Brooklyn Community Board 1,2013,1346.3785
185,Queens Community Board 12,2013,1282.6447
186,Manhattan Community Board 6,2012,2301.735
187,Staten Island Community Board 2,2012,1099.3707
188,Brooklyn Community Board 1,2012,1415.2952
189,Manhattan Community Board 3,2012,1144.5028
190,Brooklyn Community Board 13,2012,943.14435
191,Bronx Community Board 5,2012,1046.1381
192,Bronx Community Board 3,2012,867.92426
193,Bronx Community Board 1,2012,777.66016
194,Manhattan Community Board 2,2011,2359.9658
195,Staten Island Community Board 3,2011,1216.5624
196,Queens Community Board 8,2011,1345.1805
197,Brooklyn Community Board 15,2011,1185.8828
198,Queens Community Board 6,2010,1473.2622
199,Brooklyn Community Board 15,2010,1149.2417
200,Queens Community Board 4,2010,1388.313
201,Manhattan Community Board 9,2010,1095.845
202,Manhattan Community Board 10,2010,860.4143
203,Bronx Community Board 1,2010,728.1362
204,Brooklyn Community Board 15,2009,1166.3732
205,Bronx Community Board 11,2009,1146.6251
206,Brooklyn Community Board 11,2009,1081.2095
207,Bronx Community Board 7,2009,1061.4613
208,Bronx Community Board 2,2009,771.4108
209,Bronx Community Board 12,2008,1145.4987
210,Brooklyn Community Board 16,2008,802.09705
211,Manhattan Community Board 1,2007,2327.4502
212,Queens Community Board 12,2007,1125.7285
213,Brooklyn Community Board 1,2007,1136.0326
214,Brooklyn Community Board 3,2007,941.5418
215,Brooklyn Community Board 13,2007,910.62933
216,Manhattan Community Board 8,2006,2027.7113
217,Manhattan Community Board 5,2006,1791.9618
218,Brooklyn Community Board 2,2006,1145.6371
219,Bronx Community Board 10,2006,1087.3618
220,Queens Community Board 2,2006,1311.1915
221,Manhattan Community Board 9,2006,932.40283
222,Bronx Community Board 9,2013,1081.2001
223,Bronx Community Board 9,2010,1083.7094
224,Brooklyn Community Board 4,2018,1556.3657
225,Brooklyn Community Board 17,2016,1325.1942
226,Manhattan Community Board 4,2009,2004.434
227,Manhattan Community Board 3,2021,1123.0
228,Queens Community Board 12,2017,1284.5134
229,Bronx Community Board 8,2014,1196.2599
230,Manhattan Community Board 2,2012,2314.4646
231,Manhattan Community Board 9,2009,1171.3102
232,Bronx Community Board 8,2021,1356.0
233,Bronx Community Board 6,2021,504.0
234,Bronx Community Board 9,2019,1183.2343
235,Bronx Community Board 8,2015,1319.2776
236,Bronx Community Board 4,2014,1009.80054
237,Manhattan Community Board 1,2013,2276.2107
238,Queens Community Board 10,2010,1389.5266
239,Bronx Community Board 2,2007,708.4104
240,Queens Community Board 8,2006,1319.1382
241,Manhattan Community Board 11,2006,700.6266
242,Bronx Community Board 11,2018,1313.8845
243,Brooklyn Community Board 4,2019,1671.8701
244,Queens Community Board 6,2009,1471.2347
245,Queens Community Board 3,2009,1374.9626
246,Brooklyn Community Board 5,2008,1094.6703
247,Queens Community Board 6,2012,1509.031
248,Staten Island Community Board 3,2021,1249.0
249,Bronx Community Board 12,2022,1157.4309
250,Brooklyn Community Board 4,2022,1566.9103
251,Brooklyn Community Board 18,2022,1365.8502
252,Bronx Community Board 3,2022,838.5773
253,Bronx Community Board 7,2023,1122.2957
254,Brooklyn Community Board 11,2023,1196.8322
255,Brooklyn Community Board 12,2023,1233.5387
256,Manhattan Community Board 4,2023,2028.3523
257,Brooklyn Community Board 17,2023,1273.8358
258,Brooklyn Community Board 5,2023,1155.3019
259,Brooklyn Community Board 2,2023,1439.4049
260,Queens Community Board 13,2023,1520.4108
261,Brooklyn Community Board 1,2023,1361.4987
262,Manhattan Community Board 6,2023,2449.5322
263,Bronx Community Board 5,2020,1095.0691
264,Manhattan Community Board 3,2024,1095.0431
265,Brooklyn Community Board 18,2020,1332.1445
266,Manhattan Community Board 5,2020,2028.9114
267,Brooklyn Community Board 17,2024,1222.4775
268,Brooklyn Community Board 1,2020,1586.9646
269,Brooklyn Community Board 13,2024,948.55865
270,Bronx Community Board 6,2024,605.74347
271,Bronx Community Board 8,2024,1331.7255
272,Brooklyn Community Board 3,2024,965.4181
273,Queens Community Board 6,2021,1733.0
274,Brooklyn Community Board 8,2021,1604.0
275,Queens Community Board 4,2021,1616.0
276,Manhattan Community Board 1,2021,1246.0
277,Queens Community Board 14,2021,1263.0
278,Bronx Community Board 5,2021,1144.0
279,Bronx Community Board 2,2021,342.0
280,Manhattan Community Board 1,2019,2879.2734
281,Manhattan Community Board 4,2019,2052.2705
282,Brooklyn Community Board 10,2019,1638.2435
283,Queens Community Board 7,2019,1582.5496
284,Bronx Community Board 2,2019,895.30695
285,Manhattan Community Board 7,2017,1969.2244
286,Manhattan Community Board 6,2017,2597.3296
287,Queens Community Board 6,2017,1740.6245
288,Brooklyn Community Board 5,2017,1215.9335
289,Bronx Community Board 2,2017,927.4622
290,Staten Island Community Board 2,2016,1271.92
291,Brooklyn Community Board 1,2016,1812.4307
292,Brooklyn Community Board 15,2016,1334.0732
293,Queens Community Board 4,2016,1426.1931
294,Bronx Community Board 7,2016,1183.1299
295,Staten Island Community Board 3,2015,1189.1448
296,Queens Community Board 6,2015,1650.2188
297,Queens Community Board 10,2015,1437.0702
298,Queens Community Board 2,2015,1624.4166
299,Manhattan Community Board 12,2015,1254.2112
300,Brooklyn Community Board 5,2015,1146.515
301,Bronx Community Board 5,2015,1090.4233
302,Manhattan Community Board 2,2014,2246.4973
303,Brooklyn Community Board 2,2014,1733.1727
304,Staten Island Community Board 1,2014,1086.1815
305,Brooklyn Community Board 10,2014,1356.8844
306,Brooklyn Community Board 7,2014,1366.9937
307,Manhattan Community Board 12,2014,1205.2458
308,Manhattan Community Board 3,2014,1067.0862
309,Brooklyn Community Board 5,2014,1113.1394
310,Manhattan Community Board 11,2014,909.8314
311,Manhattan Community Board 8,2013,2143.0522
312,Brooklyn Community Board 9,2013,1195.0106
313,Manhattan Community Board 9,2013,1265.5731
314,Brooklyn Community Board 14,2013,1246.2253
315,Brooklyn Community Board 12,2013,1325.8927
316,Brooklyn Community Board 5,2013,1193.8724
317,Brooklyn Community Board 16,2013,878.6173
318,Manhattan Community Board 4,2012,2265.8608
319,Manhattan Community Board 5,2012,2265.8608
320,Brooklyn Community Board 2,2012,1695.3453
321,Queens Community Board 11,2012,1668.729
322,Brooklyn Community Board 17,2012,1171.1191
323,Brooklyn Community Board 15,2012,1226.6663
324,Manhattan Community Board 9,2012,1156.0751
325,Bronx Community Board 7,2012,1106.3141
326,Brooklyn Community Board 16,2012,991.7481
327,Bronx Community Board 2,2012,777.66016
328,Staten Island Community Board 2,2011,1152.8433
329,Brooklyn Community Board 10,2011,1322.7609
330,Queens Community Board 4,2011,1366.4202
331,Bronx Community Board 12,2011,1169.363
332,Manhattan Community Board 9,2011,1129.2437
333,Brooklyn Community Board 9,2011,1105.6439
334,Manhattan Community Board 1,2010,2427.1206
335,Manhattan Community Board 7,2010,1743.8862
336,Manhattan Community Board 5,2010,1898.0084
337,Queens Community Board 2,2010,1428.3605
338,Queens Community Board 14,2010,1064.2925
339,Brooklyn Community Board 8,2010,1155.3094
340,Brooklyn Community Board 2,2009,1340.4034
341,Brooklyn Community Board 10,2009,1335.4664
342,Brooklyn Community Board 17,2009,1160.2019
343,Queens Community Board 4,2009,1383.6025
344,Manhattan Community Board 8,2008,2137.2725
345,Manhattan Community Board 6,2008,2160.8271
346,Manhattan Community Board 2,2008,2325.7095
347,Staten Island Community Board 2,2008,1151.6973
348,Queens Community Board 7,2008,1405.8394
349,Queens Community Board 9,2008,1327.737
350,Brooklyn Community Board 7,2008,1180.2108
351,Brooklyn Community Board 14,2008,1139.3
352,Brooklyn Community Board 3,2008,989.2943
353,Manhattan Community Board 1,2006,2239.621
354,Queens Community Board 11,2006,1500.5858
355,Brooklyn Community Board 7,2006,1156.2325
356,Brooklyn Community Board 8,2006,1001.27356
357,Bronx Community Board 9,2006,1025.1134
358,Manhattan Community Board 10,2006,797.3104
359,Bronx Community Board 3,2006,809.23035
360,Brooklyn Community Board 7,2009,1228.086
361,Bronx Community Board 3,2021,483.0
362,Brooklyn Community Board 16,2017,888.2737
363,Brooklyn Community Board 2,2019,2266.6396
364,Brooklyn Community Board 3,2017,1244.2363
365,Brooklyn Community Board 14,2015,1339.4706
366,Brooklyn Community Board 12,2011,1267.3016
367,Bronx Community Board 7,2018,1219.883
368,Brooklyn Community Board 4,2017,1461.9504
369,Bronx Community Board 4,2017,1107.0764
370,Queens Community Board 14,2015,1208.216
371,Staten Island Community Board 2,2013,1237.1205
372,Bronx Community Board 11,2021,1363.0
373,Manhattan Community Board 1,2018,2743.1345
374,Queens Community Board 9,2017,1512.0247
375,Brooklyn Community Board 12,2016,1465.0388
376,Bronx Community Board 9,2015,1165.5862
377,Queens Community Board 10,2006,1386.6843
378,Manhattan Community Board 7,2007,1786.4822
379,Manhattan Community Board 12,2010,1088.5636
380,Bronx Community Board 12,2021,1271.0
381,Manhattan Community Board 11,2008,748.7892
382,Manhattan Community Board 7,2006,1680.7091
383,Brooklyn Community Board 9,2015,1282.2571
384,Queens Community Board 9,2009,1374.9626
385,Manhattan Community Board 1,2022,2577.5889
386,Brooklyn Community Board 12,2022,1429.4951
387,Manhattan Community Board 2,2022,2375.5127
388,Bronx Community Board 2,2022,866.63257
389,Manhattan Community Board 6,2022,2210.8452
390,Bronx Community Board 8,2022,1344.1733
391,Staten Island Community Board 1,2022,1100.2981
392,Bronx Community Board 10,2022,1091.8937
393,Queens Community Board 1,2022,1637.0217
394,Brooklyn Community Board 1,2022,1445.4923
395,Bronx Community Board 6,2022,707.4869
396,Brooklyn Community Board 3,2022,1105.3212
397,Brooklyn Community Board 13,2023,986.48804
398,Bronx Community Board 3,2023,630.4265
399,Queens Community Board 6,2023,1601.8662
400,Manhattan Community Board 8,2023,2318.8596
401,Bronx Community Board 12,2023,1204.1604
402,Brooklyn Community Board 16,2023,880.73047
403,Manhattan Community Board 5,2023,2027.2799
404,Bronx Community Board 3,2020,777.8531
405,Manhattan Community Board 1,2020,2412.043
406,Bronx Community Board 10,2024,1096.4257
407,Manhattan Community Board 4,2024,2256.1792
408,Brooklyn Community Board 8,2024,1194.9661
409,Brooklyn Community Board 11,2024,1312.455
410,Bronx Community Board 7,2024,1158.9331
411,Staten Island Community Board 2,2020,1243.4565
412,Brooklyn Community Board 14,2020,1367.509
413,Manhattan Community Board 11,2024,855.2246
414,Queens Community Board 9,2024,1417.593
415,Queens Community Board 3,2020,1442.1982
416,Queens Community Board 1,2024,1537.1522
417,Queens Community Board 10,2024,1361.4099
418,Bronx Community Board 1,2020,827.7992
419,Bronx Community Board 7,2020,1097.9833
420,Bronx Community Board 5,2024,1020.68414
421,Brooklyn Community Board 6,2021,2350.0
422,Brooklyn Community Board 4,2021,1753.0
423,Queens Community Board 7,2021,1553.0
424,Brooklyn Community Board 5,2021,1193.0
425,Bronx Community Board 8,2019,1356.6212
426,Brooklyn Community Board 11,2019,1428.0776
427,Manhattan Community Board 12,2019,1277.809
428,Staten Island Community Board 2,2018,1249.7926
429,Brooklyn Community Board 8,2018,1388.6584
430,Queens Community Board 4,2018,1625.7986
431,Manhattan Community Board 10,2018,1135.4954
432,Manhattan Community Board 8,2017,2500.4468
433,Brooklyn Community Board 8,2017,1288.8677
434,Brooklyn Community Board 14,2017,1395.5476
435,Manhattan Community Board 9,2017,1250.7677
436,Bronx Community Board 1,2017,927.4622
437,Manhattan Community Board 8,2016,2440.6216
438,Bronx Community Board 8,2016,1310.7659
439,Queens Community Board 3,2016,1509.434
440,Manhattan Community Board 3,2016,1082.131
441,Brooklyn Community Board 13,2016,1024.4174
442,Bronx Community Board 9,2016,1196.4484
443,Bronx Community Board 1,2016,955.6049
444,Brooklyn Community Board 2,2015,1842.0525
445,Queens Community Board 5,2015,1474.0908
446,Brooklyn Community Board 7,2015,1309.181
447,Brooklyn Community Board 4,2015,1315.9121
448,Bronx Community Board 1,2015,866.0564
449,Manhattan Community Board 1,2014,2246.4973
450,Manhattan Community Board 7,2014,1909.5227
451,Manhattan Community Board 4,2014,2246.4973
452,Queens Community Board 9,2014,1460.2233
453,Queens Community Board 2,2014,1611.8618
454,Queens Community Board 12,2014,1260.285
455,Brooklyn Community Board 14,2014,1283.8732
456,Queens Community Board 14,2014,1078.3187
457,Brooklyn Community Board 12,2014,1393.9515
458,Bronx Community Board 9,2014,1141.2206
459,Bronx Community Board 1,2014,822.218
460,Queens Community Board 10,2013,1336.1356
461,Queens Community Board 6,2013,1553.5138
462,Manhattan Community Board 10,2013,902.5175
463,Bronx Community Board 3,2013,925.2796
464,Queens Community Board 8,2012,1375.9492
465,Staten Island Community Board 1,2012,1114.4147
466,Queens Community Board 1,2012,1437.2826
467,Queens Community Board 12,2012,1240.5531
468,Manhattan Community Board 11,2012,961.6601
469,Staten Island Community Board 1,2011,1161.1031
470,Queens Community Board 5,2011,1328.6608
471,Queens Community Board 1,2011,1393.5598
472,Queens Community Board 14,2011,1089.1241
473,Brooklyn Community Board 3,2011,966.406
474,Brooklyn Community Board 16,2011,873.1873
475,Manhattan Community Board 8,2010,2073.9746
476,Manhattan Community Board 6,2010,2260.863
477,Staten Island Community Board 2,2010,1143.1738
478,Brooklyn Community Board 11,2010,1123.7568
479,Brooklyn Community Board 12,2010,1337.3435
480,Queens Community Board 11,2009,1534.1819
481,Brooklyn Community Board 18,2009,1298.4387
482,Queens Community Board 1,2009,1365.0886
483,Bronx Community Board 10,2009,1100.9575
484,Bronx Community Board 10,2008,1121.9441
485,Bronx Community Board 11,2008,1073.5951
486,Brooklyn Community Board 17,2008,1152.937
487,Queens Community Board 4,2008,1317.8193
488,Brooklyn Community Board 1,2008,1078.554
489,Brooklyn Community Board 12,2008,1213.6831
490,Brooklyn Community Board 9,2008,1064.9171
491,Brooklyn Community Board 4,2008,1085.9923
492,Bronx Community Board 4,2008,922.3496
493,Queens Community Board 6,2007,1467.0535
494,Brooklyn Community Board 18,2007,1288.0189
495,Queens Community Board 5,2007,1279.0027
496,Bronx Community Board 12,2007,1137.3207
497,Queens Community Board 5,2006,1264.8363
498,Queens Community Board 3,2006,1290.0006
499,Brooklyn Community Board 11,2006,1180.0724
500,Brooklyn Community Board 9,2006,1060.8732
501,Brooklyn Community Board 1,2006,952.2694
502,Bronx Community Board 7,2006,1037.0333
503,Bronx Community Board 4,2006,900.6164
504,Bronx Community Board 5,2006,950.94495
505,Bronx Community Board 6,2006,809.23035
506,Manhattan Community Board 8,2021,2399.0
507,Queens Community Board 13,2011,1545.7776
508,Bronx Community Board 10,2018,1180.3597
509,Manhattan Community Board 8,2007,2145.8394
510,Queens Community Board 7,2007,1405.2286
511,Queens Community Board 10,2007,1354.9958
512,Brooklyn Community Board 9,2019,1381.8411
513,Manhattan Community Board 6,2007,2170.3118
514,Queens Community Board 13,2007,1472.2056
515,Brooklyn Community Board 6,2006,1658.1937
516,Brooklyn Community Board 13,2006,872.8032
517,Brooklyn Community Board 7,2019,1503.7373
518,Queens Community Board 10,2017,1543.5933
519,Queens Community Board 10,2014,1380.4727
520,Queens Community Board 4,2012,1373.6348
521,Manhattan Community Board 2,2009,2425.3157
522,Brooklyn Community Board 9,2007,1058.7515
523,Bronx Community Board 8,2017,1397.7247
524,Queens Community Board 12,2008,1149.2179
525,Queens Community Board 7,2018,1545.6837
526,Queens Community Board 3,2011,1331.0206
527,Queens Community Board 9,2007,1329.2355
528,Brooklyn Community Board 14,2018,1354.4761
529,Staten Island Community Board 2,2017,1353.0934
530,Queens Community Board 3,2022,1372.3536
531,Queens Community Board 5,2022,1426.0898
532,Queens Community Board 10,2022,1504.2039
533,Manhattan Community Board 12,2022,1220.2583
534,Manhattan Community Board 9,2022,1308.8838
535,Manhattan Community Board 8,2022,2155.5105
536,Brooklyn Community Board 3,2023,990.2547
537,Brooklyn Community Board 4,2023,1026.4153
538,Bronx Community Board 4,2023,921.0791
539,Queens Community Board 7,2023,1502.8423
540,Brooklyn Community Board 6,2023,1833.9489
541,Staten Island Community Board 1,2023,1158.2598
542,Bronx Community Board 9,2023,1158.4385
543,Manhattan Community Board 7,2023,1852.7896
544,Queens Community Board 9,2023,1466.9263
545,Manhattan Community Board 5,2022,2156.5515
546,Queens Community Board 14,2024,1153.6174
547,Brooklyn Community Board 3,2020,1014.10333
548,Queens Community Board 7,2020,1460.0009
549,Queens Community Board 3,2024,1413.6865
550,Brooklyn Community Board 13,2020,976.0041
551,Manhattan Community Board 7,2024,1796.0564
552,Manhattan Community Board 12,2024,1162.7075
553,Brooklyn Community Board 17,2020,1163.2249
554,Manhattan Community Board 5,2024,2285.823
555,Bronx Community Board 11,2024,1179.9718
556,Queens Community Board 2,2020,1523.3605
557,Brooklyn Community Board 11,2020,1276.9243
558,Brooklyn Community Board 2,2021,2369.0
559,Manhattan Community Board 9,2021,1367.0
560,Brooklyn Community Board 1,2019,2011.2881
561,Queens Community Board 11,2019,1885.1885
562,Queens Community Board 9,2019,1604.617
563,Queens Community Board 8,2019,1568.8888
564,Manhattan Community Board 6,2018,2535.904
565,Queens Community Board 5,2018,1587.3435
566,Queens Community Board 10,2018,1627.935
567,Brooklyn Community Board 18,2018,1443.1366
568,Queens Community Board 8,2018,1498.683
569,Brooklyn Community Board 7,2018,1603.3665
570,Manhattan Community Board 11,2018,1039.3574
571,Bronx Community Board 3,2018,1007.3115
572,Manhattan Community Board 2,2017,2696.3896
573,Staten Island Community Board 3,2017,1276.8934
574,Queens Community Board 14,2017,1218.1106
575,Brooklyn Community Board 11,2017,1373.7762
576,Bronx Community Board 9,2017,1175.6564
577,Manhattan Community Board 11,2017,912.2222
578,Bronx Community Board 7,2017,1230.0848
579,Manhattan Community Board 5,2016,2415.0945
580,Queens Community Board 13,2016,1497.2253
581,Queens Community Board 8,2016,1596.0045
582,Brooklyn Community Board 10,2016,1510.5438
583,Bronx Community Board 10,2016,1266.3707
584,Bronx Community Board 12,2016,1237.5139
585,Bronx Community Board 11,2016,1286.3485
586,Brooklyn Community Board 16,2016,1000.0
587,Bronx Community Board 2,2016,955.6049
588,Bronx Community Board 3,2016,968.9234
589,Queens Community Board 11,2015,1763.5242
590,Bronx Community Board 12,2015,1235.14
591,Bronx Community Board 11,2015,1251.9675
592,Bronx Community Board 2,2015,866.0564
593,Brooklyn Community Board 1,2014,1637.6965
594,Queens Community Board 1,2014,1545.5902
595,Brooklyn Community Board 15,2014,1256.9153
596,Manhattan Community Board 9,2014,1260.285
597,Bronx Community Board 3,2014,900.84546
598,Manhattan Community Board 2,2013,2276.2107
599,Brooklyn Community Board 18,2013,1325.8927
600,Brooklyn Community Board 15,2013,1233.7062
601,Brooklyn Community Board 8,2013,1136.9672
602,Bronx Community Board 2,2013,827.4026
603,Manhattan Community Board 1,2012,2314.4646
604,Brooklyn Community Board 9,2012,1179.2197
605,Manhattan Community Board 12,2012,1105.1569
606,Bronx Community Board 9,2012,1082.0122
607,Bronx Community Board 6,2012,867.92426
608,Manhattan Community Board 4,2011,2073.23
609,Queens Community Board 11,2011,1722.775
610,Queens Community Board 2,2011,1434.8591
611,Queens Community Board 7,2011,1417.1594
612,Brooklyn Community Board 1,2011,1336.9207
613,Brooklyn Community Board 11,2011,1207.1224
614,Brooklyn Community Board 7,2011,1233.0822
615,Manhattan Community Board 3,2011,968.7659
616,Queens Community Board 11,2010,1497.5334
617,Brooklyn Community Board 18,2010,1236.618
618,Bronx Community Board 8,2010,1236.618
619,Queens Community Board 12,2010,1206.2789
620,Brooklyn Community Board 17,2010,1173.5128
621,Brooklyn Community Board 5,2010,1144.3875
622,Manhattan Community Board 6,2009,2282.1418
623,Staten Island Community Board 3,2009,1233.0231
624,Bronx Community Board 8,2009,1195.9954
625,Brooklyn Community Board 9,2009,1078.741
626,Manhattan Community Board 12,2009,1078.741
627,Brooklyn Community Board 16,2009,881.25977
628,Bronx Community Board 1,2009,771.4108
629,Manhattan Community Board 5,2008,1806.268
630,Queens Community Board 11,2008,1509.9756
631,Staten Island Community Board 1,2008,1155.4164
632,Brooklyn Community Board 15,2008,1085.9923
633,Bronx Community Board 7,2008,1048.8008
634,Bronx Community Board 5,2008,958.3014
635,Manhattan Community Board 5,2007,1751.7057
636,Brooklyn Community Board 7,2007,1141.1847
637,Bronx Community Board 4,2007,941.5418
638,Bronx Community Board 1,2007,708.4104
639,Manhattan Community Board 2,2006,2239.621
640,Queens Community Board 4,2006,1332.3824
641,Brooklyn Community Board 14,2006,1107.2284
642,Manhattan Community Board 3,2006,948.2961
643,Brooklyn Community Board 4,2006,966.8382
644,Queens Community Board 13,2013,1421.4935
645,Brooklyn Community Board 11,2007,1139.8967
646,Manhattan Community Board 2,2018,2743.1345
647,Brooklyn Community Board 12,2009,1209.5723
648,Bronx Community Board 3,2008,834.32965
649,Brooklyn Community Board 17,2017,1284.5134
650,Queens Community Board 6,2006,1414.4976
651,Queens Community Board 4,2013,1401.0077
652,Manhattan Community Board 1,2011,2359.9658
653,Bronx Community Board 11,2019,1352.4178
654,Queens Community Board 3,2015,1455.0195
655,Bronx Community Board 12,2010,1124.9705
656,Manhattan Community Board 7,2008,1739.3232
657,Brooklyn Community Board 16,2006,770.8217
658,Brooklyn Community Board 13,2015,1079.205
659,Staten Island Community Board 1,2009,1097.2548
660,Bronx Community Board 6,2009,897.3051
661,Manhattan Community Board 2,2016,2712.5417
662,Brooklyn Community Board 3,2013,1037.952
663,Queens Community Board 9,2006,1335.0314
664,Bronx Community Board 6,2017,998.2193
665,Queens Community Board 14,2012,1064.6537
666,Queens Community Board 10,2008,1363.689
667,Queens Community Board 3,2012,1373.6348
668,Bronx Community Board 8,2018,1318.1573
669,Brooklyn Community Board 9,2022,1162.372
670,Brooklyn Community Board 6,2022,2009.7041
671,Queens Community Board 2,2022,1470.2863
672,Brooklyn Community Board 7,2022,1290.6819
673,Manhattan Community Board 7,2022,2030.5939
674,Brooklyn Community Board 10,2022,1418.366
675,Queens Community Board 1,2023,1663.8987
676,Manhattan Community Board 1,2023,2528.1777
677,Brooklyn Community Board 8,2023,1116.7356
678,Brooklyn Community Board 14,2023,1269.6143
679,Manhattan Community Board 9,2023,1186.7755
680,Manhattan Community Board 4,2022,1905.1533
681,Manhattan Community Board 2,2024,2519.996
682,Bronx Community Board 9,2020,1056.1086
683,Queens Community Board 11,2020,1636.5316
684,Bronx Community Board 4,2020,1004.41266
685,Brooklyn Community Board 6,2024,2185.4592
686,Brooklyn Community Board 5,2024,1166.438
687,Brooklyn Community Board 4,2024,1097.3308
688,Manhattan Community Board 6,2024,2194.2412
689,Manhattan Community Board 6,2020,2106.3408
690,Brooklyn Community Board 9,2024,1246.0028
691,Manhattan Community Board 11,2020,995.6111
692,Queens Community Board 7,2024,1492.7085
693,Brooklyn Community Board 15,2020,1099.2377
694,Brooklyn Community Board 8,2020,1096.504
695,Bronx Community Board 10,2020,1245.5063
696,Queens Community Board 14,2020,1072.3145
697,Manhattan Community Board 4,2020,1737.0767
698,Queens Community Board 5,2021,1667.0
699,Brooklyn Community Board 3,2021,1720.0
700,Brooklyn Community Board 14,2021,1432.0
701,Queens Community Board 3,2021,1596.0
702,Manhattan Community Board 4,2021,1569.0
703,Manhattan Community Board 10,2021,1140.0
704,Manhattan Community Board 11,2021,1079.0
705,Bronx Community Board 7,2021,1310.0
706,Brooklyn Community Board 6,2019,2361.2144
707,Queens Community Board 1,2019,1782.2073
708,Queens Community Board 5,2019,1688.6833
709,Queens Community Board 12,2019,1275.7073
710,Brooklyn Community Board 3,2019,1406.0101
711,Brooklyn Community Board 12,2019,1547.8722
712,Brooklyn Community Board 5,2019,1188.4884
713,Bronx Community Board 7,2019,1256.7924
714,Bronx Community Board 1,2019,895.30695
715,Manhattan Community Board 4,2018,2178.0574
716,Bronx Community Board 5,2018,1139.7682
717,Bronx Community Board 6,2018,1007.3115
718,Bronx Community Board 1,2018,889.80963
719,Bronx Community Board 10,2017,1224.642
720,Brooklyn Community Board 7,2017,1440.179
721,Queens Community Board 5,2016,1522.7526
722,Queens Community Board 12,2016,1267.4806
723,Queens Community Board 7,2016,1568.2576
724,Brooklyn Community Board 6,2015,2208.8926
725,Staten Island Community Board 2,2015,1251.9675
726,Brooklyn Community Board 18,2015,1317.0339
727,Brooklyn Community Board 17,2015,1257.5767
728,Brooklyn Community Board 11,2015,1284.5007
729,Manhattan Community Board 3,2015,1109.4945
730,Bronx Community Board 6,2015,958.0468
731,Queens Community Board 7,2014,1415.2933
732,Bronx Community Board 6,2014,900.84546
733,Manhattan Community Board 4,2013,2276.2107
734,Queens Community Board 2,2013,1505.7134
735,Brooklyn Community Board 17,2013,1251.9159
736,Manhattan Community Board 12,2013,1135.8291
737,Manhattan Community Board 8,2012,2165.1816
738,Brooklyn Community Board 6,2012,1883.9742
739,Queens Community Board 13,2012,1416.4524
740,Bronx Community Board 8,2012,1237.0814
741,Brooklyn Community Board 10,2012,1326.1882
742,Bronx Community Board 10,2012,1094.7418
743,Queens Community Board 5,2012,1303.0436
744,Brooklyn Community Board 14,2012,1237.0814
745,Brooklyn Community Board 4,2012,1227.8235
746,Brooklyn Community Board 5,2012,1079.6978
747,Manhattan Community Board 5,2011,2073.23
748,Manhattan Community Board 11,2011,857.84753
749,Bronx Community Board 3,2011,879.0873
750,Bronx Community Board 2,2011,776.4287
751,Brooklyn Community Board 6,2010,1902.8627
752,Queens Community Board 9,2010,1366.469
753,Bronx Community Board 10,2010,1154.096
754,Brooklyn Community Board 14,2010,1179.5807
755,Brooklyn Community Board 1,2010,1182.0078
756,Brooklyn Community Board 14,2009,1149.0936
757,Brooklyn Community Board 13,2009,970.1263
758,Brooklyn Community Board 3,2009,1014.5596
759,Staten Island Community Board 3,2008,1186.4093
760,Brooklyn Community Board 6,2008,1699.6522
761,Queens Community Board 2,2008,1309.1414
762,Queens Community Board 1,2008,1309.1414
763,Bronx Community Board 9,2008,1030.205
764,Manhattan Community Board 12,2008,1021.527
765,Manhattan Community Board 9,2008,1113.266
766,Manhattan Community Board 2,2007,2327.4502
767,Bronx Community Board 8,2007,1120.5764
768,Bronx Community Board 9,2007,1008.5188
769,Manhattan Community Board 3,2007,878.42883
770,Manhattan Community Board 10,2007,829.48413
771,Manhattan Community Board 4,2006,1791.9618
772,Bronx Community Board 11,2006,1031.7356
773,Manhattan Community Board 12,2006,968.16266
774,Brooklyn Community Board 3,2006,844.9901
775,Bronx Community Board 2,2006,712.5465
776,Queens Community Board 14,2009,1079.9752
777,Brooklyn Community Board 12,2021,1515.0
778,Manhattan Community Board 5,2018,2178.0574
779,Manhattan Community Board 7,2016,2321.8645
780,Queens Community Board 8,2015,1539.1572
781,Bronx Community Board 11,2014,1225.4642
782,Manhattan Community Board 5,2013,2276.2107
783,Queens Community Board 2,2012,1493.9869
784,Staten Island Community Board 3,2010,1274.2384
785,Bronx Community Board 3,2010,871.3363
786,Bronx Community Board 6,2010,871.3363
787,Brooklyn Community Board 5,2009,1098.489
788,Queens Community Board 13,2008,1390.9626
789,Queens Community Board 6,2008,1464.106
790,Manhattan Community Board 6,2006,2018.4403
791,Queens Community Board 14,2006,997.30023
792,Staten Island Community Board 1,2021,1279.0
793,Manhattan Community Board 1,2017,2696.3896
794,Brooklyn Community Board 3,2012,1094.7418
795,Manhattan Community Board 7,2011,2083.8499
796,Brooklyn Community Board 6,2011,1931.632
797,Brooklyn Community Board 4,2009,1166.3732
798,Manhattan Community Board 1,2008,2325.7095
799,Queens Community Board 12,2006,1121.7972
800,Queens Community Board 5,2010,1376.1775
801,Brooklyn Community Board 5,2018,1224.1559
802,Brooklyn Community Board 8,2009,1076.2725
803,Brooklyn Community Board 6,2009,1932.847
804,Brooklyn Community Board 3,2014,1087.3047
805,Queens Community Board 1,2013,1476.1226
806,Brooklyn Community Board 2,2011,1523.3579
807,Brooklyn Community Board 17,2011,1165.8231
808,Bronx Community Board 5,2019,1163.2686
809,Queens Community Board 8,2010,1366.469
810,Brooklyn Community Board 16,2018,968.8563
811,Bronx Community Board 7,2022,1212.4855
812,Bronx Community Board 4,2022,1067.2836
813,Queens Community Board 8,2022,1330.4441
814,Brooklyn Community Board 15,2022,1112.4832
815,Queens Community Board 4,2022,1426.1166
816,Bronx Community Board 9,2022,1064.1613
817,Queens Community Board 11,2023,1763.0878
818,Manhattan Community Board 10,2023,825.0885
819,Manhattan Community Board 11,2023,844.00256
820,Manhattan Community Board 2,2023,2377.2854
821,Brooklyn Community Board 7,2023,1372.7686
822,Queens Community Board 4,2020,1451.2256
823,Bronx Community Board 11,2020,1187.4753
824,Manhattan Community Board 12,2020,1112.1866
825,Bronx Community Board 12,2020,1156.1454
826,Queens Community Board 8,2020,1294.4193
827,Queens Community Board 12,2020,1204.2708
828,Queens Community Board 13,2020,1457.1072
829,Manhattan Community Board 9,2024,1189.8184
830,Brooklyn Community Board 5,2020,1200.8616
831,Staten Island Community Board 2,2024,1242.4954
832,Brooklyn Community Board 18,2024,1292.7578
833,Manhattan Community Board 3,2020,933.7212
834,Bronx Community Board 3,2024,914.6915
835,Brooklyn Community Board 16,2024,969.92816
836,Queens Community Board 9,2021,1643.0
837,Brooklyn Community Board 16,2021,971.0
838,Queens Community Board 6,2019,1799.0205
839,Queens Community Board 14,2019,1250.4874
840,Brooklyn Community Board 6,2018,2198.3533
841,Queens Community Board 13,2018,1523.2516
842,Queens Community Board 11,2018,1889.6438
843,Queens Community Board 9,2018,1646.0944
844,Queens Community Board 2,2018,1757.1871
845,Queens Community Board 3,2018,1552.0929
846,Bronx Community Board 4,2018,1130.1544
847,Manhattan Community Board 12,2017,1256.2106
848,Brooklyn Community Board 12,2017,1374.8647
849,Manhattan Community Board 4,2016,2415.0945
850,Queens Community Board 9,2016,1520.5327
851,Manhattan Community Board 9,2016,1266.3707
852,Queens Community Board 14,2016,1094.3396
853,Manhattan Community Board 1,2015,2852.8257
854,Brooklyn Community Board 10,2015,1429.2174
855,Queens Community Board 12,2015,1286.7444
856,Queens Community Board 1,2015,1585.1523
857,Bronx Community Board 10,2015,1108.3727
858,Queens Community Board 7,2015,1469.6034
859,Queens Community Board 4,2015,1476.3345
860,Manhattan Community Board 11,2015,830.15765
861,Bronx Community Board 3,2015,958.0468
862,Manhattan Community Board 8,2014,2246.4973
863,Brooklyn Community Board 6,2014,2145.405
864,Staten Island Community Board 3,2014,1222.0946
865,Brooklyn Community Board 8,2014,1191.7668
866,Bronx Community Board 7,2014,1168.1786
867,Bronx Community Board 2,2014,822.218
868,Staten Island Community Board 1,2013,1081.2001
869,Bronx Community Board 8,2013,1297.4401
870,Queens Community Board 5,2013,1300.8544
871,Brooklyn Community Board 11,2013,1238.2585
872,Queens Community Board 14,2013,1142.6577
873,Brooklyn Community Board 4,2013,1255.3302
874,Bronx Community Board 11,2013,1149.4863
875,Manhattan Community Board 3,2013,989.0135
876,Brooklyn Community Board 13,2013,985.5992
877,Staten Island Community Board 3,2012,1240.5531
878,Brooklyn Community Board 7,2012,1305.358
879,Bronx Community Board 12,2012,1187.3203
880,Bronx Community Board 4,2012,1004.47766
881,Manhattan Community Board 8,2011,2147.5688
882,Manhattan Community Board 6,2011,2330.4663
883,Brooklyn Community Board 18,2011,1268.4816
884,Bronx Community Board 8,2011,1234.2621
885,Bronx Community Board 10,2011,1159.9232
886,Brooklyn Community Board 8,2011,1123.3438
887,Manhattan Community Board 12,2011,1129.2437
888,Bronx Community Board 9,2011,1119.8037
889,Brooklyn Community Board 13,2011,982.9257
890,Manhattan Community Board 2,2010,2427.1206
891,Manhattan Community Board 4,2010,1898.0084
892,Brooklyn Community Board 2,2010,1594.6183
893,Staten Island Community Board 1,2010,1249.9672
894,Queens Community Board 1,2010,1415.0114
895,Brooklyn Community Board 16,2010,890.7533
896,Bronx Community Board 5,2010,1048.5161
897,Manhattan Community Board 1,2009,2425.3157
898,Manhattan Community Board 5,2009,2004.434
899,Staten Island Community Board 2,2009,1233.0231
900,Brooklyn Community Board 1,2009,1183.6528
901,Bronx Community Board 5,2009,1003.45123
902,Brooklyn Community Board 18,2008,1244.676
903,Bronx Community Board 8,2008,1175.252
904,Queens Community Board 14,2008,1028.9652
905,Brooklyn Community Board 8,2008,1063.6774
906,Staten Island Community Board 3,2007,1221.0419
907,Brooklyn Community Board 6,2007,1532.7424
908,Queens Community Board 8,2007,1258.3944
909,Queens Community Board 2,2007,1378.1802
910,Brooklyn Community Board 15,2007,1125.7285
911,Bronx Community Board 11,2007,1151.4889
912,Bronx Community Board 6,2007,843.65234
913,Queens Community Board 13,2006,1418.4708
914,Bronx Community Board 12,2006,1091.3352
915,Brooklyn Community Board 15,2006,1087.3618
916,Brooklyn Community Board 14,2011,1228.3622
917,Brooklyn Community Board 17,2018,1313.8845
918,Queens Community Board 6,2016,1658.1576
919,Brooklyn Community Board 8,2016,1357.3807
920,Queens Community Board 6,2011,1538.6976
921,Brooklyn Community Board 10,2010,1319.1401
922,Manhattan Community Board 8,2009,2105.643
923,Brooklyn Community Board 10,2018,1457.0232
924,Brooklyn Community Board 10,2017,1461.9504
925,Bronx Community Board 5,2017,1126.6707
926,Manhattan Community Board 6,2016,2723.6404
927,Brooklyn Community Board 16,2014,977.2263
928,Bronx Community Board 5,2014,1062.5933
929,Brooklyn Community Board 10,2013,1337.2737
930,Brooklyn Community Board 4,2007,1023.975
931,Brooklyn Community Board 16,2007,784.4035
932,Bronx Community Board 5,2007,949.2699
933,Brooklyn Community Board 17,2007,1112.8483
934,Queens Community Board 12,2011,1231.9021
935,Queens Community Board 7,2010,1451.4182
936,Brooklyn Community Board 8,2007,1004.6547
937,Bronx Community Board 12,2014,1222.0946
938,Bronx Community Board 3,2007,843.65234
939,Manhattan Community Board 10,2008,820.6928
940,Brooklyn Community Board 6,2016,2118.757
941,Manhattan Community Board 9,2015,1317.0339
942,Brooklyn Community Board 18,2019,1388.1461
943,Brooklyn Community Board 8,2022,1255.7722
944,Brooklyn Community Board 5,2022,1177.5674
945,Brooklyn Community Board 2,2022,1702.3685
946,Queens Community Board 6,2022,1679.9883
947,Bronx Community Board 5,2022,1037.343
948,Brooklyn Community Board 16,2022,784.4035
949,Staten Island Community Board 2,2022,1190.4916
950,Queens Community Board 11,2022,1810.5266
951,Queens Community Board 9,2022,1475.3799
952,Brooklyn Community Board 10,2023,1396.5157
953,Brooklyn Community Board 18,2023,1448.073
954,Manhattan Community Board 3,2023,1006.78625
955,Bronx Community Board 1,2023,833.11914
956,Queens Community Board 5,2023,1325.4996
957,Staten Island Community Board 3,2023,1221.0419
958,Queens Community Board 10,2023,1390.3082
959,Brooklyn Community Board 16,2020,784.4035
960,Brooklyn Community Board 12,2024,1352.4673
961,Bronx Community Board 2,2024,856.0138
962,Queens Community Board 1,2020,1560.5056
963,Bronx Community Board 8,2020,1146.5378
964,Staten Island Community Board 3,2020,1221.0419
965,Queens Community Board 13,2024,1487.5635
966,Bronx Community Board 12,2024,1256.2568
967,Manhattan Community Board 10,2020,942.11316
968,Queens Community Board 9,2020,1430.227
969,Staten Island Community Board 3,2024,1221.0419
970,Brooklyn Community Board 2,2020,1810.1188
971,Brooklyn Community Board 10,2024,1455.7579
972,Brooklyn Community Board 6,2020,2118.757
973,Brooklyn Community Board 12,2020,1330.07
974,Queens Community Board 4,2024,1450.3069
975,Bronx Community Board 4,2024,1064.9581
976,Manhattan Community Board 8,2024,2252.9429
977,Manhattan Community Board 6,2021,2360.0
978,Brooklyn Community Board 18,2021,1508.0
979,Brooklyn Community Board 10,2021,1515.0
980,Queens Community Board 1,2021,1706.0
981,Brooklyn Community Board 7,2021,1516.0
982,Brooklyn Community Board 11,2021,1424.0
983,Brooklyn Community Board 13,2021,1118.0
984,Manhattan Community Board 5,2021,786.0
985,Manhattan Community Board 2,2019,2879.2734
986,Staten Island Community Board 1,2019,1161.1669
987,Brooklyn Community Board 15,2019,1414.4169
988,Bronx Community Board 12,2019,1290.419
989,Manhattan Community Board 3,2019,1024.559
990,Bronx Community Board 4,2019,1125.4386
991,Manhattan Community Board 11,2019,915.2727
992,Manhattan Community Board 7,2018,2322.2644
993,Manhattan Community Board 8,2018,2400.243
994,Queens Community Board 6,2018,1821.279
995,Queens Community Board 12,2018,1298.9298
996,Queens Community Board 14,2018,1243.3834
997,Brooklyn Community Board 3,2018,1381.1812
998,Brooklyn Community Board 11,2018,1404.6815
999,Brooklyn Community Board 13,2018,1156.8594
1000,Bronx Community Board 2,2018,889.80963
1001,Manhattan Community Board 4,2017,2211.9756
1002,Manhattan Community Board 5,2017,2211.9756
1003,Queens Community Board 13,2017,1556.6561
1004,Brooklyn Community Board 18,2017,1390.1047
1005,Manhattan Community Board 10,2017,1063.5336
1006,Bronx Community Board 11,2017,1276.8934
1007,Bronx Community Board 3,2017,998.2193
1008,Brooklyn Community Board 2,2016,1917.869
1009,Queens Community Board 11,2016,1731.4095
1010,Queens Community Board 1,2016,1613.7625
1011,Brooklyn Community Board 7,2016,1417.3141
1012,Manhattan Community Board 12,2016,1317.425
1013,Brooklyn Community Board 3,2016,1296.3374
1014,Brooklyn Community Board 11,2016,1350.7214
1015,Brooklyn Community Board 9,2016,1329.6338
1016,Brooklyn Community Board 14,2016,1315.2053
1017,Brooklyn Community Board 5,2016,1154.2731
1018,Bronx Community Board 4,2016,1085.4606
1019,Bronx Community Board 5,2016,1125.4163
1020,Bronx Community Board 6,2016,968.9234
1021,Manhattan Community Board 2,2015,2852.8257
1022,Brooklyn Community Board 15,2015,1338.3488
1023,Manhattan Community Board 10,2015,1083.6923
1024,Brooklyn Community Board 3,2015,1226.1653
1025,Bronx Community Board 4,2015,1091.5452
1026,Staten Island Community Board 2,2014,1147.9601
1027,Queens Community Board 5,2014,1350.1449
1028,Bronx Community Board 10,2014,1177.1646
1029,Queens Community Board 4,2014,1424.2793
1030,Brooklyn Community Board 9,2014,1283.8732
1031,Brooklyn Community Board 13,2014,913.2012
1032,Brooklyn Community Board 2,2013,1602.4523
1033,Queens Community Board 9,2013,1385.0742
1034,Queens Community Board 3,2013,1402.1458
1035,Bronx Community Board 12,2013,1223.4633
1036,Manhattan Community Board 11,2013,909.3461
1037,Bronx Community Board 4,2013,1077.7858
1038,Manhattan Community Board 7,2012,1843.4711
1039,Bronx Community Board 11,2012,1187.3203
1040,Brooklyn Community Board 12,2012,1307.6725
1041,Manhattan Community Board 10,2012,943.14435
1042,Bronx Community Board 11,2011,1167.003
1043,Bronx Community Board 5,2011,986.4657
1044,Bronx Community Board 4,2011,998.2655
1045,Bronx Community Board 1,2011,776.4287
1046,Brooklyn Community Board 7,2010,1291.2281
1047,Brooklyn Community Board 3,2010,1055.7975
1048,Manhattan Community Board 11,2010,873.7634
1049,Queens Community Board 10,2009,1416.9275
1050,Queens Community Board 2,2009,1403.3506
1051,Bronx Community Board 12,2009,1172.5444
1052,Manhattan Community Board 10,2009,820.7811
1053,Bronx Community Board 3,2009,897.3051
1054,Brooklyn Community Board 2,2008,1234.7583
1055,Queens Community Board 5,2008,1266.991
1056,Queens Community Board 3,2008,1314.1002
1057,Manhattan Community Board 3,2008,887.6375
1058,Queens Community Board 11,2007,1490.2378
1059,Staten Island Community Board 2,2007,1210.7377
1060,Brooklyn Community Board 2,2007,1297.035
1061,Staten Island Community Board 1,2007,1170.8091
1062,Queens Community Board 1,2007,1236.4982
1063,Queens Community Board 14,2007,971.1662
1064,Queens Community Board 7,2006,1426.4175
1065,Bronx Community Board 8,2006,1117.8239
1066,Brooklyn Community Board 17,2006,1115.175
1067,Brooklyn Community Board 5,2006,1060.8732
1068,Manhattan Community Board 11,2016,915.6493
1069,Bronx Community Board 5,2013,1018.60425
1070,Bronx Community Board 9,2018,1195.3145
1071,Brooklyn Community Board 15,2018,1399.3405
1072,Manhattan Community Board 2,2021,1840.0
1073,Manhattan Community Board 5,2019,2052.2705
1074,Brooklyn Community Board 8,2019,1506.8898
1075,Queens Community Board 7,2017,1544.6818
1076,Manhattan Community Board 7,2009,2018.0107
1077,Brooklyn Community Board 10,2007,1223.6179
1078,Queens Community Board 4,2007,1281.5787
1079,Queens Community Board 10,2019,1684.4801
1080,Manhattan Community Board 1,2016,2712.5417
1081,Staten Island Community Board 1,2016,1223.0854
1082,Queens Community Board 8,2014,1416.4166
1083,Manhattan Community Board 7,2013,1968.9221
1084,Manhattan Community Board 11,2007,713.56244
1085,Manhattan Community Board 12,2021,1234.0
1086,Brooklyn Community Board 10,2008,1223.6008
1087,Brooklyn Community Board 5,2007,1080.6478
1088,Brooklyn Community Board 1,2015,1689.483
1089,Manhattan Community Board 7,2019,2043.8638
1090,Queens Community Board 2,2016,1651.4983
1091,Brooklyn Community Board 11,2022,1350.7214
1092,Manhattan Community Board 10,2022,820.7811
1093,Manhattan Community Board 11,2022,713.56244
1094,Bronx Community Board 1,2022,776.4287
1095,Staten Island Community Board 3,2022,1221.0419
1096,Brooklyn Community Board 14,2022,1315.2053
1097,Queens Community Board 7,2022,1544.6818
1098,Brooklyn Community Board 13,2022,913.2012
1099,Brooklyn Community Board 9,2023,1283.8732
1100,Bronx Community Board 6,2023,968.9234
1101,Bronx Community Board 8,2023,1117.8239
1102,Staten Island Community Board 2,2023,1210.7377
1103,Queens Community Board 2,2023,1651.4983
1104,Queens Community Board 14,2023,971.1662
1105,Bronx Community Board 10,2023,1177.1646
1106,Queens Community Board 4,2023,1281.5787
1107,Manhattan Community Board 8,2020,2400.243
1108,Bronx Community Board 1,2024,776.4287
1109,Queens Community Board 2,2024,1651.4983
1110,Brooklyn Community Board 15,2024,1399.3405
1111,Staten Island Community Board 1,2024,1223.0854
1112,Brooklyn Community Board 2,2024,1297.035
1113,Brooklyn Community Board 7,2020,1291.2281
1114,Brooklyn Community Board 1,2024,1689.483
1115,Brooklyn Community Board 7,2024,1291.2281
1116,Staten Island Community Board 1,2020,1223.0854
1117,Brooklyn Community Board 4,2020,1023.975
1118,Bronx Community Board 2,2020,889.80963
1119,Bronx Community Board 9,2024,1195.3145
1120,Queens Community Board 11,2024,1490.2378
